split,condition,file,scenario_seed,U,K,C,Cclu,Dcol,sensing_radius_m,cluster_populations,initial_budgets,workload_multiplier,energy_multiplier,slot_duration_s
validation,nominal,data/scenarios/validation/scenario_000.npz,120000,3,50,64,4,8,15.0,13;13;12;12,175.0;150.0;125.0,1.0,1.0,1.0
validation,nominal,data/scenarios/validation/scenario_001.npz,120001,3,50,64,4,8,15.0,13;13;12;12,125.0;150.0;175.0,1.0,1.0,1.0
validation,nominal,data/scenarios/validation/scenario_002.npz,120002,3,50,64,4,8,15.0,13;13;12;12,125.0;175.0;150.0,1.0,1.0,1.0
validation,nominal,data/scenarios/validation/scenario_003.npz,120003,3,50,64,4,8,15.0,13;13;12;12,150.0;125.0;175.0,1.0,1.0,1.0
validation,nominal,data/scenarios/validation/scenario_004.npz,120004,3,50,64,4,8,15.0,13;13;12;12,150.0;175.0;125.0,1.0,1.0,1.0
validation,nominal,data/scenarios/validation/scenario_005.npz,120005,3,50,64,4,8,15.0,13;13;12;12,125.0;175.0;150.0,1.0,1.0,1.0
validation,nominal,data/scenarios/validation/scenario_006.npz,120006,3,50,64,4,8,15.0,13;13;12;12,175.0;125.0;150.0,1.0,1.0,1.0
validation,nominal,data/scenarios/validation/scenario_007.npz,120007,3,50,64,4,8,15.0,13;13;12;12,125.0;150.0;175.0,1.0,1.0,1.0
validation,nominal,data/scenarios/validation/scenario_008.npz,120008,3,50,64,4,8,15.0,13;13;12;12,150.0;125.0;175.0,1.0,1.0,1.0
validation,nominal,data/scenarios/validation/scenario_009.npz,120009,3,50,64,4,8,15.0,13;13;12;12,175.0;150.0;125.0,1.0,1.0,1.0
development,nominal,data/scenarios/development/scenario_000.npz,121000,3,50,64,4,8,15.0,13;13;12;12,175.0;150.0;125.0,1.0,1.0,1.0
development,nominal,data/scenarios/development/scenario_001.npz,121001,3,50,64,4,8,15.0,13;13;12;12,150.0;175.0;125.0,1.0,1.0,1.0
development,nominal,data/scenarios/development/scenario_002.npz,121002,3,50,64,4,8,15.0,13;13;12;12,150.0;175.0;125.0,1.0,1.0,1.0
development,nominal,data/scenarios/development/scenario_003.npz,121003,3,50,64,4,8,15.0,13;13;12;12,175.0;150.0;125.0,1.0,1.0,1.0
development,nominal,data/scenarios/development/scenario_004.npz,121004,3,50,64,4,8,15.0,13;13;12;12,150.0;175.0;125.0,1.0,1.0,1.0
development,nominal,data/scenarios/development/scenario_005.npz,121005,3,50,64,4,8,15.0,13;13;12;12,125.0;175.0;150.0,1.0,1.0,1.0
development,nominal,data/scenarios/development/scenario_006.npz,121006,3,50,64,4,8,15.0,13;13;12;12,125.0;150.0;175.0,1.0,1.0,1.0
development,nominal,data/scenarios/development/scenario_007.npz,121007,3,50,64,4,8,15.0,13;13;12;12,175.0;150.0;125.0,1.0,1.0,1.0
development,nominal,data/scenarios/development/scenario_008.npz,121008,3,50,64,4,8,15.0,13;13;12;12,175.0;125.0;150.0,1.0,1.0,1.0
development,nominal,data/scenarios/development/scenario_009.npz,121009,3,50,64,4,8,15.0,13;13;12;12,125.0;150.0;175.0,1.0,1.0,1.0
development,nominal,data/scenarios/development/scenario_010.npz,121010,3,50,64,4,8,15.0,13;13;12;12,125.0;175.0;150.0,1.0,1.0,1.0
development,nominal,data/scenarios/development/scenario_011.npz,121011,3,50,64,4,8,15.0,13;13;12;12,125.0;150.0;175.0,1.0,1.0,1.0
development,nominal,data/scenarios/development/scenario_012.npz,121012,3,50,64,4,8,15.0,13;13;12;12,150.0;125.0;175.0,1.0,1.0,1.0
development,nominal,data/scenarios/development/scenario_013.npz,121013,3,50,64,4,8,15.0,13;13;12;12,125.0;150.0;175.0,1.0,1.0,1.0
development,nominal,data/scenarios/development/scenario_014.npz,121014,3,50,64,4,8,15.0,13;13;12;12,150.0;175.0;125.0,1.0,1.0,1.0
development,nominal,data/scenarios/development/scenario_015.npz,121015,3,50,64,4,8,15.0,13;13;12;12,125.0;175.0;150.0,1.0,1.0,1.0
development,nominal,data/scenarios/development/scenario_016.npz,121016,3,50,64,4,8,15.0,13;13;12;12,150.0;125.0;175.0,1.0,1.0,1.0
development,nominal,data/scenarios/development/scenario_017.npz,121017,3,50,64,4,8,15.0,13;13;12;12,150.0;175.0;125.0,1.0,1.0,1.0
development,nominal,data/scenarios/development/scenario_018.npz,121018,3,50,64,4,8,15.0,13;13;12;12,150.0;125.0;175.0,1.0,1.0,1.0
development,nominal,data/scenarios/development/scenario_019.npz,121019,3,50,64,4,8,15.0,13;13;12;12,150.0;175.0;125.0,1.0,1.0,1.0
test,nominal,data/scenarios/test/scenario_000.npz,124000,3,50,64,4,8,15.0,13;13;12;12,125.0;150.0;175.0,1.0,1.0,1.0
test,nominal,data/scenarios/test/scenario_001.npz,124001,3,50,64,4,8,15.0,13;13;12;12,175.0;125.0;150.0,1.0,1.0,1.0
test,nominal,data/scenarios/test/scenario_002.npz,124002,3,50,64,4,8,15.0,13;13;12;12,150.0;125.0;175.0,1.0,1.0,1.0
test,nominal,data/scenarios/test/scenario_003.npz,124003,3,50,64,4,8,15.0,13;13;12;12,125.0;150.0;175.0,1.0,1.0,1.0
test,nominal,data/scenarios/test/scenario_004.npz,124004,3,50,64,4,8,15.0,13;13;12;12,175.0;150.0;125.0,1.0,1.0,1.0
test,nominal,data/scenarios/test/scenario_005.npz,124005,3,50,64,4,8,15.0,13;13;12;12,150.0;175.0;125.0,1.0,1.0,1.0
test,nominal,data/scenarios/test/scenario_006.npz,124006,3,50,64,4,8,15.0,13;13;12;12,175.0;150.0;125.0,1.0,1.0,1.0
test,nominal,data/scenarios/test/scenario_007.npz,124007,3,50,64,4,8,15.0,13;13;12;12,125.0;175.0;150.0,1.0,1.0,1.0
test,nominal,data/scenarios/test/scenario_008.npz,124008,3,50,64,4,8,15.0,13;13;12;12,175.0;150.0;125.0,1.0,1.0,1.0
test,nominal,data/scenarios/test/scenario_009.npz,124009,3,50,64,4,8,15.0,13;13;12;12,125.0;175.0;150.0,1.0,1.0,1.0
test,nominal,data/scenarios/test/scenario_010.npz,124010,3,50,64,4,8,15.0,13;13;12;12,125.0;175.0;150.0,1.0,1.0,1.0
test,nominal,data/scenarios/test/scenario_011.npz,124011,3,50,64,4,8,15.0,13;13;12;12,175.0;150.0;125.0,1.0,1.0,1.0
test,nominal,data/scenarios/test/scenario_012.npz,124012,3,50,64,4,8,15.0,13;13;12;12,150.0;125.0;175.0,1.0,1.0,1.0
test,nominal,data/scenarios/test/scenario_013.npz,124013,3,50,64,4,8,15.0,13;13;12;12,150.0;175.0;125.0,1.0,1.0,1.0
test,nominal,data/scenarios/test/scenario_014.npz,124014,3,50,64,4,8,15.0,13;13;12;12,150.0;125.0;175.0,1.0,1.0,1.0
test,nominal,data/scenarios/test/scenario_015.npz,124015,3,50,64,4,8,15.0,13;13;12;12,125.0;175.0;150.0,1.0,1.0,1.0
test,nominal,data/scenarios/test/scenario_016.npz,124016,3,50,64,4,8,15.0,13;13;12;12,150.0;175.0;125.0,1.0,1.0,1.0
test,nominal,data/scenarios/test/scenario_017.npz,124017,3,50,64,4,8,15.0,13;13;12;12,150.0;175.0;125.0,1.0,1.0,1.0
test,nominal,data/scenarios/test/scenario_018.npz,124018,3,50,64,4,8,15.0,13;13;12;12,150.0;175.0;125.0,1.0,1.0,1.0
test,nominal,data/scenarios/test/scenario_019.npz,124019,3,50,64,4,8,15.0,13;13;12;12,150.0;175.0;125.0,1.0,1.0,1.0
test,nominal,data/scenarios/test/scenario_020.npz,124020,3,50,64,4,8,15.0,13;13;12;12,175.0;125.0;150.0,1.0,1.0,1.0
test,nominal,data/scenarios/test/scenario_021.npz,124021,3,50,64,4,8,15.0,13;13;12;12,125.0;175.0;150.0,1.0,1.0,1.0
test,nominal,data/scenarios/test/scenario_022.npz,124022,3,50,64,4,8,15.0,13;13;12;12,150.0;125.0;175.0,1.0,1.0,1.0
test,nominal,data/scenarios/test/scenario_023.npz,124023,3,50,64,4,8,15.0,13;13;12;12,125.0;150.0;175.0,1.0,1.0,1.0
test,nominal,data/scenarios/test/scenario_024.npz,124024,3,50,64,4,8,15.0,13;13;12;12,125.0;150.0;175.0,1.0,1.0,1.0
test,nominal,data/scenarios/test/scenario_025.npz,124025,3,50,64,4,8,15.0,13;13;12;12,150.0;125.0;175.0,1.0,1.0,1.0
test,nominal,data/scenarios/test/scenario_026.npz,124026,3,50,64,4,8,15.0,13;13;12;12,150.0;125.0;175.0,1.0,1.0,1.0
test,nominal,data/scenarios/test/scenario_027.npz,124027,3,50,64,4,8,15.0,13;13;12;12,150.0;125.0;175.0,1.0,1.0,1.0
test,nominal,data/scenarios/test/scenario_028.npz,124028,3,50,64,4,8,15.0,13;13;12;12,125.0;150.0;175.0,1.0,1.0,1.0
test,nominal,data/scenarios/test/scenario_029.npz,124029,3,50,64,4,8,15.0,13;13;12;12,175.0;125.0;150.0,1.0,1.0,1.0
test,nominal,data/scenarios/test/scenario_030.npz,124030,3,50,64,4,8,15.0,13;13;12;12,125.0;175.0;150.0,1.0,1.0,1.0
test,nominal,data/scenarios/test/scenario_031.npz,124031,3,50,64,4,8,15.0,13;13;12;12,175.0;150.0;125.0,1.0,1.0,1.0
test,nominal,data/scenarios/test/scenario_032.npz,124032,3,50,64,4,8,15.0,13;13;12;12,150.0;125.0;175.0,1.0,1.0,1.0
test,nominal,data/scenarios/test/scenario_033.npz,124033,3,50,64,4,8,15.0,13;13;12;12,150.0;175.0;125.0,1.0,1.0,1.0
test,nominal,data/scenarios/test/scenario_034.npz,124034,3,50,64,4,8,15.0,13;13;12;12,150.0;175.0;125.0,1.0,1.0,1.0
test,nominal,data/scenarios/test/scenario_035.npz,124035,3,50,64,4,8,15.0,13;13;12;12,125.0;175.0;150.0,1.0,1.0,1.0
test,nominal,data/scenarios/test/scenario_036.npz,124036,3,50,64,4,8,15.0,13;13;12;12,125.0;150.0;175.0,1.0,1.0,1.0
test,nominal,data/scenarios/test/scenario_037.npz,124037,3,50,64,4,8,15.0,13;13;12;12,175.0;125.0;150.0,1.0,1.0,1.0
test,nominal,data/scenarios/test/scenario_038.npz,124038,3,50,64,4,8,15.0,13;13;12;12,150.0;175.0;125.0,1.0,1.0,1.0
test,nominal,data/scenarios/test/scenario_039.npz,124039,3,50,64,4,8,15.0,13;13;12;12,150.0;175.0;125.0,1.0,1.0,1.0
robustness,nominal,data/robustness/nominal/scenario_000.npz,124000,3,50,64,4,8,15.0,13;13;12;12,125.0;150.0;175.0,1.0,1.0,1.0
robustness,nominal,data/robustness/nominal/scenario_001.npz,124001,3,50,64,4,8,15.0,13;13;12;12,175.0;125.0;150.0,1.0,1.0,1.0
robustness,nominal,data/robustness/nominal/scenario_002.npz,124002,3,50,64,4,8,15.0,13;13;12;12,150.0;125.0;175.0,1.0,1.0,1.0
robustness,nominal,data/robustness/nominal/scenario_003.npz,124003,3,50,64,4,8,15.0,13;13;12;12,125.0;150.0;175.0,1.0,1.0,1.0
robustness,nominal,data/robustness/nominal/scenario_004.npz,124004,3,50,64,4,8,15.0,13;13;12;12,175.0;150.0;125.0,1.0,1.0,1.0
robustness,nominal,data/robustness/nominal/scenario_005.npz,124005,3,50,64,4,8,15.0,13;13;12;12,150.0;175.0;125.0,1.0,1.0,1.0
robustness,nominal,data/robustness/nominal/scenario_006.npz,124006,3,50,64,4,8,15.0,13;13;12;12,175.0;150.0;125.0,1.0,1.0,1.0
robustness,nominal,data/robustness/nominal/scenario_007.npz,124007,3,50,64,4,8,15.0,13;13;12;12,125.0;175.0;150.0,1.0,1.0,1.0
robustness,nominal,data/robustness/nominal/scenario_008.npz,124008,3,50,64,4,8,15.0,13;13;12;12,175.0;150.0;125.0,1.0,1.0,1.0
robustness,nominal,data/robustness/nominal/scenario_009.npz,124009,3,50,64,4,8,15.0,13;13;12;12,125.0;175.0;150.0,1.0,1.0,1.0
robustness,nominal,data/robustness/nominal/scenario_010.npz,124010,3,50,64,4,8,15.0,13;13;12;12,125.0;175.0;150.0,1.0,1.0,1.0
robustness,nominal,data/robustness/nominal/scenario_011.npz,124011,3,50,64,4,8,15.0,13;13;12;12,175.0;150.0;125.0,1.0,1.0,1.0
robustness,nominal,data/robustness/nominal/scenario_012.npz,124012,3,50,64,4,8,15.0,13;13;12;12,150.0;125.0;175.0,1.0,1.0,1.0
robustness,nominal,data/robustness/nominal/scenario_013.npz,124013,3,50,64,4,8,15.0,13;13;12;12,150.0;175.0;125.0,1.0,1.0,1.0
robustness,nominal,data/robustness/nominal/scenario_014.npz,124014,3,50,64,4,8,15.0,13;13;12;12,150.0;125.0;175.0,1.0,1.0,1.0
robustness,nominal,data/robustness/nominal/scenario_015.npz,124015,3,50,64,4,8,15.0,13;13;12;12,125.0;175.0;150.0,1.0,1.0,1.0
robustness,nominal,data/robustness/nominal/scenario_016.npz,124016,3,50,64,4,8,15.0,13;13;12;12,150.0;175.0;125.0,1.0,1.0,1.0
robustness,nominal,data/robustness/nominal/scenario_017.npz,124017,3,50,64,4,8,15.0,13;13;12;12,150.0;175.0;125.0,1.0,1.0,1.0
robustness,nominal,data/robustness/nominal/scenario_018.npz,124018,3,50,64,4,8,15.0,13;13;12;12,150.0;175.0;125.0,1.0,1.0,1.0
robustness,nominal,data/robustness/nominal/scenario_019.npz,124019,3,50,64,4,8,15.0,13;13;12;12,150.0;175.0;125.0,1.0,1.0,1.0
robustness,nominal,data/robustness/nominal/scenario_020.npz,124020,3,50,64,4,8,15.0,13;13;12;12,175.0;125.0;150.0,1.0,1.0,1.0
robustness,nominal,data/robustness/nominal/scenario_021.npz,124021,3,50,64,4,8,15.0,13;13;12;12,125.0;175.0;150.0,1.0,1.0,1.0
robustness,nominal,data/robustness/nominal/scenario_022.npz,124022,3,50,64,4,8,15.0,13;13;12;12,150.0;125.0;175.0,1.0,1.0,1.0
robustness,nominal,data/robustness/nominal/scenario_023.npz,124023,3,50,64,4,8,15.0,13;13;12;12,125.0;150.0;175.0,1.0,1.0,1.0
robustness,nominal,data/robustness/nominal/scenario_024.npz,124024,3,50,64,4,8,15.0,13;13;12;12,125.0;150.0;175.0,1.0,1.0,1.0
robustness,nominal,data/robustness/nominal/scenario_025.npz,124025,3,50,64,4,8,15.0,13;13;12;12,150.0;125.0;175.0,1.0,1.0,1.0
robustness,nominal,data/robustness/nominal/scenario_026.npz,124026,3,50,64,4,8,15.0,13;13;12;12,150.0;125.0;175.0,1.0,1.0,1.0
robustness,nominal,data/robustness/nominal/scenario_027.npz,124027,3,50,64,4,8,15.0,13;13;12;12,150.0;125.0;175.0,1.0,1.0,1.0
robustness,nominal,data/robustness/nominal/scenario_028.npz,124028,3,50,64,4,8,15.0,13;13;12;12,125.0;150.0;175.0,1.0,1.0,1.0
robustness,nominal,data/robustness/nominal/scenario_029.npz,124029,3,50,64,4,8,15.0,13;13;12;12,175.0;125.0;150.0,1.0,1.0,1.0
robustness,nominal,data/robustness/nominal/scenario_030.npz,124030,3,50,64,4,8,15.0,13;13;12;12,125.0;175.0;150.0,1.0,1.0,1.0
robustness,nominal,data/robustness/nominal/scenario_031.npz,124031,3,50,64,4,8,15.0,13;13;12;12,175.0;150.0;125.0,1.0,1.0,1.0
robustness,nominal,data/robustness/nominal/scenario_032.npz,124032,3,50,64,4,8,15.0,13;13;12;12,150.0;125.0;175.0,1.0,1.0,1.0
robustness,nominal,data/robustness/nominal/scenario_033.npz,124033,3,50,64,4,8,15.0,13;13;12;12,150.0;175.0;125.0,1.0,1.0,1.0
robustness,nominal,data/robustness/nominal/scenario_034.npz,124034,3,50,64,4,8,15.0,13;13;12;12,150.0;175.0;125.0,1.0,1.0,1.0
robustness,nominal,data/robustness/nominal/scenario_035.npz,124035,3,50,64,4,8,15.0,13;13;12;12,125.0;175.0;150.0,1.0,1.0,1.0
robustness,nominal,data/robustness/nominal/scenario_036.npz,124036,3,50,64,4,8,15.0,13;13;12;12,125.0;150.0;175.0,1.0,1.0,1.0
robustness,nominal,data/robustness/nominal/scenario_037.npz,124037,3,50,64,4,8,15.0,13;13;12;12,175.0;125.0;150.0,1.0,1.0,1.0
robustness,nominal,data/robustness/nominal/scenario_038.npz,124038,3,50,64,4,8,15.0,13;13;12;12,150.0;175.0;125.0,1.0,1.0,1.0
robustness,nominal,data/robustness/nominal/scenario_039.npz,124039,3,50,64,4,8,15.0,13;13;12;12,150.0;175.0;125.0,1.0,1.0,1.0
robustness,gu_30,data/robustness/gu_30/scenario_000.npz,124000,3,30,64,4,8,15.0,8;8;7;7,125.0;150.0;175.0,1.0,1.0,1.0
robustness,gu_30,data/robustness/gu_30/scenario_001.npz,124001,3,30,64,4,8,15.0,8;8;7;7,175.0;125.0;150.0,1.0,1.0,1.0
robustness,gu_30,data/robustness/gu_30/scenario_002.npz,124002,3,30,64,4,8,15.0,8;8;7;7,150.0;125.0;175.0,1.0,1.0,1.0
robustness,gu_30,data/robustness/gu_30/scenario_003.npz,124003,3,30,64,4,8,15.0,8;8;7;7,125.0;150.0;175.0,1.0,1.0,1.0
robustness,gu_30,data/robustness/gu_30/scenario_004.npz,124004,3,30,64,4,8,15.0,8;8;7;7,175.0;150.0;125.0,1.0,1.0,1.0
robustness,gu_30,data/robustness/gu_30/scenario_005.npz,124005,3,30,64,4,8,15.0,8;8;7;7,150.0;175.0;125.0,1.0,1.0,1.0
robustness,gu_30,data/robustness/gu_30/scenario_006.npz,124006,3,30,64,4,8,15.0,8;8;7;7,175.0;150.0;125.0,1.0,1.0,1.0
robustness,gu_30,data/robustness/gu_30/scenario_007.npz,124007,3,30,64,4,8,15.0,8;8;7;7,125.0;175.0;150.0,1.0,1.0,1.0
robustness,gu_30,data/robustness/gu_30/scenario_008.npz,124008,3,30,64,4,8,15.0,8;8;7;7,175.0;150.0;125.0,1.0,1.0,1.0
robustness,gu_30,data/robustness/gu_30/scenario_009.npz,124009,3,30,64,4,8,15.0,8;8;7;7,125.0;175.0;150.0,1.0,1.0,1.0
robustness,gu_30,data/robustness/gu_30/scenario_010.npz,124010,3,30,64,4,8,15.0,8;8;7;7,125.0;175.0;150.0,1.0,1.0,1.0
robustness,gu_30,data/robustness/gu_30/scenario_011.npz,124011,3,30,64,4,8,15.0,8;8;7;7,175.0;150.0;125.0,1.0,1.0,1.0
robustness,gu_30,data/robustness/gu_30/scenario_012.npz,124012,3,30,64,4,8,15.0,8;8;7;7,150.0;125.0;175.0,1.0,1.0,1.0
robustness,gu_30,data/robustness/gu_30/scenario_013.npz,124013,3,30,64,4,8,15.0,8;8;7;7,150.0;175.0;125.0,1.0,1.0,1.0
robustness,gu_30,data/robustness/gu_30/scenario_014.npz,124014,3,30,64,4,8,15.0,8;8;7;7,150.0;125.0;175.0,1.0,1.0,1.0
robustness,gu_30,data/robustness/gu_30/scenario_015.npz,124015,3,30,64,4,8,15.0,8;8;7;7,125.0;175.0;150.0,1.0,1.0,1.0
robustness,gu_30,data/robustness/gu_30/scenario_016.npz,124016,3,30,64,4,8,15.0,8;8;7;7,150.0;175.0;125.0,1.0,1.0,1.0
robustness,gu_30,data/robustness/gu_30/scenario_017.npz,124017,3,30,64,4,8,15.0,8;8;7;7,150.0;175.0;125.0,1.0,1.0,1.0
robustness,gu_30,data/robustness/gu_30/scenario_018.npz,124018,3,30,64,4,8,15.0,8;8;7;7,150.0;175.0;125.0,1.0,1.0,1.0
robustness,gu_30,data/robustness/gu_30/scenario_019.npz,124019,3,30,64,4,8,15.0,8;8;7;7,150.0;175.0;125.0,1.0,1.0,1.0
robustness,gu_30,data/robustness/gu_30/scenario_020.npz,124020,3,30,64,4,8,15.0,8;8;7;7,175.0;125.0;150.0,1.0,1.0,1.0
robustness,gu_30,data/robustness/gu_30/scenario_021.npz,124021,3,30,64,4,8,15.0,8;8;7;7,125.0;175.0;150.0,1.0,1.0,1.0
robustness,gu_30,data/robustness/gu_30/scenario_022.npz,124022,3,30,64,4,8,15.0,8;8;7;7,150.0;125.0;175.0,1.0,1.0,1.0
robustness,gu_30,data/robustness/gu_30/scenario_023.npz,124023,3,30,64,4,8,15.0,8;8;7;7,125.0;150.0;175.0,1.0,1.0,1.0
robustness,gu_30,data/robustness/gu_30/scenario_024.npz,124024,3,30,64,4,8,15.0,8;8;7;7,125.0;150.0;175.0,1.0,1.0,1.0
robustness,gu_30,data/robustness/gu_30/scenario_025.npz,124025,3,30,64,4,8,15.0,8;8;7;7,150.0;125.0;175.0,1.0,1.0,1.0
robustness,gu_30,data/robustness/gu_30/scenario_026.npz,124026,3,30,64,4,8,15.0,8;8;7;7,150.0;125.0;175.0,1.0,1.0,1.0
robustness,gu_30,data/robustness/gu_30/scenario_027.npz,124027,3,30,64,4,8,15.0,8;8;7;7,150.0;125.0;175.0,1.0,1.0,1.0
robustness,gu_30,data/robustness/gu_30/scenario_028.npz,124028,3,30,64,4,8,15.0,8;8;7;7,125.0;150.0;175.0,1.0,1.0,1.0
robustness,gu_30,data/robustness/gu_30/scenario_029.npz,124029,3,30,64,4,8,15.0,8;8;7;7,175.0;125.0;150.0,1.0,1.0,1.0
robustness,gu_30,data/robustness/gu_30/scenario_030.npz,124030,3,30,64,4,8,15.0,8;8;7;7,125.0;175.0;150.0,1.0,1.0,1.0
robustness,gu_30,data/robustness/gu_30/scenario_031.npz,124031,3,30,64,4,8,15.0,8;8;7;7,175.0;150.0;125.0,1.0,1.0,1.0
robustness,gu_30,data/robustness/gu_30/scenario_032.npz,124032,3,30,64,4,8,15.0,8;8;7;7,150.0;125.0;175.0,1.0,1.0,1.0
robustness,gu_30,data/robustness/gu_30/scenario_033.npz,124033,3,30,64,4,8,15.0,8;8;7;7,150.0;175.0;125.0,1.0,1.0,1.0
robustness,gu_30,data/robustness/gu_30/scenario_034.npz,124034,3,30,64,4,8,15.0,8;8;7;7,150.0;175.0;125.0,1.0,1.0,1.0
robustness,gu_30,data/robustness/gu_30/scenario_035.npz,124035,3,30,64,4,8,15.0,8;8;7;7,125.0;175.0;150.0,1.0,1.0,1.0
robustness,gu_30,data/robustness/gu_30/scenario_036.npz,124036,3,30,64,4,8,15.0,8;8;7;7,125.0;150.0;175.0,1.0,1.0,1.0
robustness,gu_30,data/robustness/gu_30/scenario_037.npz,124037,3,30,64,4,8,15.0,8;8;7;7,175.0;125.0;150.0,1.0,1.0,1.0
robustness,gu_30,data/robustness/gu_30/scenario_038.npz,124038,3,30,64,4,8,15.0,8;8;7;7,150.0;175.0;125.0,1.0,1.0,1.0
robustness,gu_30,data/robustness/gu_30/scenario_039.npz,124039,3,30,64,4,8,15.0,8;8;7;7,150.0;175.0;125.0,1.0,1.0,1.0
robustness,gu_70,data/robustness/gu_70/scenario_000.npz,124000,3,70,64,4,8,15.0,18;18;17;17,125.0;150.0;175.0,1.0,1.0,1.0
robustness,gu_70,data/robustness/gu_70/scenario_001.npz,124001,3,70,64,4,8,15.0,18;18;17;17,175.0;125.0;150.0,1.0,1.0,1.0
robustness,gu_70,data/robustness/gu_70/scenario_002.npz,124002,3,70,64,4,8,15.0,18;18;17;17,150.0;125.0;175.0,1.0,1.0,1.0
robustness,gu_70,data/robustness/gu_70/scenario_003.npz,124003,3,70,64,4,8,15.0,18;18;17;17,125.0;150.0;175.0,1.0,1.0,1.0
robustness,gu_70,data/robustness/gu_70/scenario_004.npz,124004,3,70,64,4,8,15.0,18;18;17;17,175.0;150.0;125.0,1.0,1.0,1.0
robustness,gu_70,data/robustness/gu_70/scenario_005.npz,124005,3,70,64,4,8,15.0,18;18;17;17,150.0;175.0;125.0,1.0,1.0,1.0
robustness,gu_70,data/robustness/gu_70/scenario_006.npz,124006,3,70,64,4,8,15.0,18;18;17;17,175.0;150.0;125.0,1.0,1.0,1.0
robustness,gu_70,data/robustness/gu_70/scenario_007.npz,124007,3,70,64,4,8,15.0,18;18;17;17,125.0;175.0;150.0,1.0,1.0,1.0
robustness,gu_70,data/robustness/gu_70/scenario_008.npz,124008,3,70,64,4,8,15.0,18;18;17;17,175.0;150.0;125.0,1.0,1.0,1.0
robustness,gu_70,data/robustness/gu_70/scenario_009.npz,124009,3,70,64,4,8,15.0,18;18;17;17,125.0;175.0;150.0,1.0,1.0,1.0
robustness,gu_70,data/robustness/gu_70/scenario_010.npz,124010,3,70,64,4,8,15.0,18;18;17;17,125.0;175.0;150.0,1.0,1.0,1.0
robustness,gu_70,data/robustness/gu_70/scenario_011.npz,124011,3,70,64,4,8,15.0,18;18;17;17,175.0;150.0;125.0,1.0,1.0,1.0
robustness,gu_70,data/robustness/gu_70/scenario_012.npz,124012,3,70,64,4,8,15.0,18;18;17;17,150.0;125.0;175.0,1.0,1.0,1.0
robustness,gu_70,data/robustness/gu_70/scenario_013.npz,124013,3,70,64,4,8,15.0,18;18;17;17,150.0;175.0;125.0,1.0,1.0,1.0
robustness,gu_70,data/robustness/gu_70/scenario_014.npz,124014,3,70,64,4,8,15.0,18;18;17;17,150.0;125.0;175.0,1.0,1.0,1.0
robustness,gu_70,data/robustness/gu_70/scenario_015.npz,124015,3,70,64,4,8,15.0,18;18;17;17,125.0;175.0;150.0,1.0,1.0,1.0
robustness,gu_70,data/robustness/gu_70/scenario_016.npz,124016,3,70,64,4,8,15.0,18;18;17;17,150.0;175.0;125.0,1.0,1.0,1.0
robustness,gu_70,data/robustness/gu_70/scenario_017.npz,124017,3,70,64,4,8,15.0,18;18;17;17,150.0;175.0;125.0,1.0,1.0,1.0
robustness,gu_70,data/robustness/gu_70/scenario_018.npz,124018,3,70,64,4,8,15.0,18;18;17;17,150.0;175.0;125.0,1.0,1.0,1.0
robustness,gu_70,data/robustness/gu_70/scenario_019.npz,124019,3,70,64,4,8,15.0,18;18;17;17,150.0;175.0;125.0,1.0,1.0,1.0
robustness,gu_70,data/robustness/gu_70/scenario_020.npz,124020,3,70,64,4,8,15.0,18;18;17;17,175.0;125.0;150.0,1.0,1.0,1.0
robustness,gu_70,data/robustness/gu_70/scenario_021.npz,124021,3,70,64,4,8,15.0,18;18;17;17,125.0;175.0;150.0,1.0,1.0,1.0
robustness,gu_70,data/robustness/gu_70/scenario_022.npz,124022,3,70,64,4,8,15.0,18;18;17;17,150.0;125.0;175.0,1.0,1.0,1.0
robustness,gu_70,data/robustness/gu_70/scenario_023.npz,124023,3,70,64,4,8,15.0,18;18;17;17,125.0;150.0;175.0,1.0,1.0,1.0
robustness,gu_70,data/robustness/gu_70/scenario_024.npz,124024,3,70,64,4,8,15.0,18;18;17;17,125.0;150.0;175.0,1.0,1.0,1.0
robustness,gu_70,data/robustness/gu_70/scenario_025.npz,124025,3,70,64,4,8,15.0,18;18;17;17,150.0;125.0;175.0,1.0,1.0,1.0
robustness,gu_70,data/robustness/gu_70/scenario_026.npz,124026,3,70,64,4,8,15.0,18;18;17;17,150.0;125.0;175.0,1.0,1.0,1.0
robustness,gu_70,data/robustness/gu_70/scenario_027.npz,124027,3,70,64,4,8,15.0,18;18;17;17,150.0;125.0;175.0,1.0,1.0,1.0
robustness,gu_70,data/robustness/gu_70/scenario_028.npz,124028,3,70,64,4,8,15.0,18;18;17;17,125.0;150.0;175.0,1.0,1.0,1.0
robustness,gu_70,data/robustness/gu_70/scenario_029.npz,124029,3,70,64,4,8,15.0,18;18;17;17,175.0;125.0;150.0,1.0,1.0,1.0
robustness,gu_70,data/robustness/gu_70/scenario_030.npz,124030,3,70,64,4,8,15.0,18;18;17;17,125.0;175.0;150.0,1.0,1.0,1.0
robustness,gu_70,data/robustness/gu_70/scenario_031.npz,124031,3,70,64,4,8,15.0,18;18;17;17,175.0;150.0;125.0,1.0,1.0,1.0
robustness,gu_70,data/robustness/gu_70/scenario_032.npz,124032,3,70,64,4,8,15.0,18;18;17;17,150.0;125.0;175.0,1.0,1.0,1.0
robustness,gu_70,data/robustness/gu_70/scenario_033.npz,124033,3,70,64,4,8,15.0,18;18;17;17,150.0;175.0;125.0,1.0,1.0,1.0
robustness,gu_70,data/robustness/gu_70/scenario_034.npz,124034,3,70,64,4,8,15.0,18;18;17;17,150.0;175.0;125.0,1.0,1.0,1.0
robustness,gu_70,data/robustness/gu_70/scenario_035.npz,124035,3,70,64,4,8,15.0,18;18;17;17,125.0;175.0;150.0,1.0,1.0,1.0
robustness,gu_70,data/robustness/gu_70/scenario_036.npz,124036,3,70,64,4,8,15.0,18;18;17;17,125.0;150.0;175.0,1.0,1.0,1.0
robustness,gu_70,data/robustness/gu_70/scenario_037.npz,124037,3,70,64,4,8,15.0,18;18;17;17,175.0;125.0;150.0,1.0,1.0,1.0
robustness,gu_70,data/robustness/gu_70/scenario_038.npz,124038,3,70,64,4,8,15.0,18;18;17;17,150.0;175.0;125.0,1.0,1.0,1.0
robustness,gu_70,data/robustness/gu_70/scenario_039.npz,124039,3,70,64,4,8,15.0,18;18;17;17,150.0;175.0;125.0,1.0,1.0,1.0
robustness,clusters_2,data/robustness/clusters_2/scenario_000.npz,124000,3,50,64,2,8,15.0,25;25,125.0;150.0;175.0,1.0,1.0,1.0
robustness,clusters_2,data/robustness/clusters_2/scenario_001.npz,124001,3,50,64,2,8,15.0,25;25,175.0;125.0;150.0,1.0,1.0,1.0
robustness,clusters_2,data/robustness/clusters_2/scenario_002.npz,124002,3,50,64,2,8,15.0,25;25,150.0;125.0;175.0,1.0,1.0,1.0
robustness,clusters_2,data/robustness/clusters_2/scenario_003.npz,124003,3,50,64,2,8,15.0,25;25,125.0;150.0;175.0,1.0,1.0,1.0
robustness,clusters_2,data/robustness/clusters_2/scenario_004.npz,124004,3,50,64,2,8,15.0,25;25,175.0;150.0;125.0,1.0,1.0,1.0
robustness,clusters_2,data/robustness/clusters_2/scenario_005.npz,124005,3,50,64,2,8,15.0,25;25,150.0;175.0;125.0,1.0,1.0,1.0
robustness,clusters_2,data/robustness/clusters_2/scenario_006.npz,124006,3,50,64,2,8,15.0,25;25,175.0;150.0;125.0,1.0,1.0,1.0
robustness,clusters_2,data/robustness/clusters_2/scenario_007.npz,124007,3,50,64,2,8,15.0,25;25,125.0;175.0;150.0,1.0,1.0,1.0
robustness,clusters_2,data/robustness/clusters_2/scenario_008.npz,124008,3,50,64,2,8,15.0,25;25,175.0;150.0;125.0,1.0,1.0,1.0
robustness,clusters_2,data/robustness/clusters_2/scenario_009.npz,124009,3,50,64,2,8,15.0,25;25,125.0;175.0;150.0,1.0,1.0,1.0
robustness,clusters_2,data/robustness/clusters_2/scenario_010.npz,124010,3,50,64,2,8,15.0,25;25,125.0;175.0;150.0,1.0,1.0,1.0
robustness,clusters_2,data/robustness/clusters_2/scenario_011.npz,124011,3,50,64,2,8,15.0,25;25,175.0;150.0;125.0,1.0,1.0,1.0
robustness,clusters_2,data/robustness/clusters_2/scenario_012.npz,124012,3,50,64,2,8,15.0,25;25,150.0;125.0;175.0,1.0,1.0,1.0
robustness,clusters_2,data/robustness/clusters_2/scenario_013.npz,124013,3,50,64,2,8,15.0,25;25,150.0;175.0;125.0,1.0,1.0,1.0
robustness,clusters_2,data/robustness/clusters_2/scenario_014.npz,124014,3,50,64,2,8,15.0,25;25,150.0;125.0;175.0,1.0,1.0,1.0
robustness,clusters_2,data/robustness/clusters_2/scenario_015.npz,124015,3,50,64,2,8,15.0,25;25,125.0;175.0;150.0,1.0,1.0,1.0
robustness,clusters_2,data/robustness/clusters_2/scenario_016.npz,124016,3,50,64,2,8,15.0,25;25,150.0;175.0;125.0,1.0,1.0,1.0
robustness,clusters_2,data/robustness/clusters_2/scenario_017.npz,124017,3,50,64,2,8,15.0,25;25,150.0;175.0;125.0,1.0,1.0,1.0
robustness,clusters_2,data/robustness/clusters_2/scenario_018.npz,124018,3,50,64,2,8,15.0,25;25,150.0;175.0;125.0,1.0,1.0,1.0
robustness,clusters_2,data/robustness/clusters_2/scenario_019.npz,124019,3,50,64,2,8,15.0,25;25,150.0;175.0;125.0,1.0,1.0,1.0
robustness,clusters_2,data/robustness/clusters_2/scenario_020.npz,124020,3,50,64,2,8,15.0,25;25,175.0;125.0;150.0,1.0,1.0,1.0
robustness,clusters_2,data/robustness/clusters_2/scenario_021.npz,124021,3,50,64,2,8,15.0,25;25,125.0;175.0;150.0,1.0,1.0,1.0
robustness,clusters_2,data/robustness/clusters_2/scenario_022.npz,124022,3,50,64,2,8,15.0,25;25,150.0;125.0;175.0,1.0,1.0,1.0
robustness,clusters_2,data/robustness/clusters_2/scenario_023.npz,124023,3,50,64,2,8,15.0,25;25,125.0;150.0;175.0,1.0,1.0,1.0
robustness,clusters_2,data/robustness/clusters_2/scenario_024.npz,124024,3,50,64,2,8,15.0,25;25,125.0;150.0;175.0,1.0,1.0,1.0
robustness,clusters_2,data/robustness/clusters_2/scenario_025.npz,124025,3,50,64,2,8,15.0,25;25,150.0;125.0;175.0,1.0,1.0,1.0
robustness,clusters_2,data/robustness/clusters_2/scenario_026.npz,124026,3,50,64,2,8,15.0,25;25,150.0;125.0;175.0,1.0,1.0,1.0
robustness,clusters_2,data/robustness/clusters_2/scenario_027.npz,124027,3,50,64,2,8,15.0,25;25,150.0;125.0;175.0,1.0,1.0,1.0
robustness,clusters_2,data/robustness/clusters_2/scenario_028.npz,124028,3,50,64,2,8,15.0,25;25,125.0;150.0;175.0,1.0,1.0,1.0
robustness,clusters_2,data/robustness/clusters_2/scenario_029.npz,124029,3,50,64,2,8,15.0,25;25,175.0;125.0;150.0,1.0,1.0,1.0
robustness,clusters_2,data/robustness/clusters_2/scenario_030.npz,124030,3,50,64,2,8,15.0,25;25,125.0;175.0;150.0,1.0,1.0,1.0
robustness,clusters_2,data/robustness/clusters_2/scenario_031.npz,124031,3,50,64,2,8,15.0,25;25,175.0;150.0;125.0,1.0,1.0,1.0
robustness,clusters_2,data/robustness/clusters_2/scenario_032.npz,124032,3,50,64,2,8,15.0,25;25,150.0;125.0;175.0,1.0,1.0,1.0
robustness,clusters_2,data/robustness/clusters_2/scenario_033.npz,124033,3,50,64,2,8,15.0,25;25,150.0;175.0;125.0,1.0,1.0,1.0
robustness,clusters_2,data/robustness/clusters_2/scenario_034.npz,124034,3,50,64,2,8,15.0,25;25,150.0;175.0;125.0,1.0,1.0,1.0
robustness,clusters_2,data/robustness/clusters_2/scenario_035.npz,124035,3,50,64,2,8,15.0,25;25,125.0;175.0;150.0,1.0,1.0,1.0
robustness,clusters_2,data/robustness/clusters_2/scenario_036.npz,124036,3,50,64,2,8,15.0,25;25,125.0;150.0;175.0,1.0,1.0,1.0
robustness,clusters_2,data/robustness/clusters_2/scenario_037.npz,124037,3,50,64,2,8,15.0,25;25,175.0;125.0;150.0,1.0,1.0,1.0
robustness,clusters_2,data/robustness/clusters_2/scenario_038.npz,124038,3,50,64,2,8,15.0,25;25,150.0;175.0;125.0,1.0,1.0,1.0
robustness,clusters_2,data/robustness/clusters_2/scenario_039.npz,124039,3,50,64,2,8,15.0,25;25,150.0;175.0;125.0,1.0,1.0,1.0
robustness,clusters_6,data/robustness/clusters_6/scenario_000.npz,124000,3,50,64,6,8,15.0,9;9;8;8;8;8,125.0;150.0;175.0,1.0,1.0,1.0
robustness,clusters_6,data/robustness/clusters_6/scenario_001.npz,124001,3,50,64,6,8,15.0,9;9;8;8;8;8,175.0;125.0;150.0,1.0,1.0,1.0
robustness,clusters_6,data/robustness/clusters_6/scenario_002.npz,124002,3,50,64,6,8,15.0,9;9;8;8;8;8,150.0;125.0;175.0,1.0,1.0,1.0
robustness,clusters_6,data/robustness/clusters_6/scenario_003.npz,124003,3,50,64,6,8,15.0,9;9;8;8;8;8,125.0;150.0;175.0,1.0,1.0,1.0
robustness,clusters_6,data/robustness/clusters_6/scenario_004.npz,124004,3,50,64,6,8,15.0,9;9;8;8;8;8,175.0;150.0;125.0,1.0,1.0,1.0
robustness,clusters_6,data/robustness/clusters_6/scenario_005.npz,124005,3,50,64,6,8,15.0,9;9;8;8;8;8,150.0;175.0;125.0,1.0,1.0,1.0
robustness,clusters_6,data/robustness/clusters_6/scenario_006.npz,124006,3,50,64,6,8,15.0,9;9;8;8;8;8,175.0;150.0;125.0,1.0,1.0,1.0
robustness,clusters_6,data/robustness/clusters_6/scenario_007.npz,124007,3,50,64,6,8,15.0,9;9;8;8;8;8,125.0;175.0;150.0,1.0,1.0,1.0
robustness,clusters_6,data/robustness/clusters_6/scenario_008.npz,124008,3,50,64,6,8,15.0,9;9;8;8;8;8,175.0;150.0;125.0,1.0,1.0,1.0
robustness,clusters_6,data/robustness/clusters_6/scenario_009.npz,124009,3,50,64,6,8,15.0,9;9;8;8;8;8,125.0;175.0;150.0,1.0,1.0,1.0
robustness,clusters_6,data/robustness/clusters_6/scenario_010.npz,124010,3,50,64,6,8,15.0,9;9;8;8;8;8,125.0;175.0;150.0,1.0,1.0,1.0
robustness,clusters_6,data/robustness/clusters_6/scenario_011.npz,124011,3,50,64,6,8,15.0,9;9;8;8;8;8,175.0;150.0;125.0,1.0,1.0,1.0
robustness,clusters_6,data/robustness/clusters_6/scenario_012.npz,124012,3,50,64,6,8,15.0,9;9;8;8;8;8,150.0;125.0;175.0,1.0,1.0,1.0
robustness,clusters_6,data/robustness/clusters_6/scenario_013.npz,124013,3,50,64,6,8,15.0,9;9;8;8;8;8,150.0;175.0;125.0,1.0,1.0,1.0
robustness,clusters_6,data/robustness/clusters_6/scenario_014.npz,124014,3,50,64,6,8,15.0,9;9;8;8;8;8,150.0;125.0;175.0,1.0,1.0,1.0
robustness,clusters_6,data/robustness/clusters_6/scenario_015.npz,124015,3,50,64,6,8,15.0,9;9;8;8;8;8,125.0;175.0;150.0,1.0,1.0,1.0
robustness,clusters_6,data/robustness/clusters_6/scenario_016.npz,124016,3,50,64,6,8,15.0,9;9;8;8;8;8,150.0;175.0;125.0,1.0,1.0,1.0
robustness,clusters_6,data/robustness/clusters_6/scenario_017.npz,124017,3,50,64,6,8,15.0,9;9;8;8;8;8,150.0;175.0;125.0,1.0,1.0,1.0
robustness,clusters_6,data/robustness/clusters_6/scenario_018.npz,124018,3,50,64,6,8,15.0,9;9;8;8;8;8,150.0;175.0;125.0,1.0,1.0,1.0
robustness,clusters_6,data/robustness/clusters_6/scenario_019.npz,124019,3,50,64,6,8,15.0,9;9;8;8;8;8,150.0;175.0;125.0,1.0,1.0,1.0
robustness,clusters_6,data/robustness/clusters_6/scenario_020.npz,124020,3,50,64,6,8,15.0,9;9;8;8;8;8,175.0;125.0;150.0,1.0,1.0,1.0
robustness,clusters_6,data/robustness/clusters_6/scenario_021.npz,124021,3,50,64,6,8,15.0,9;9;8;8;8;8,125.0;175.0;150.0,1.0,1.0,1.0
robustness,clusters_6,data/robustness/clusters_6/scenario_022.npz,124022,3,50,64,6,8,15.0,9;9;8;8;8;8,150.0;125.0;175.0,1.0,1.0,1.0
robustness,clusters_6,data/robustness/clusters_6/scenario_023.npz,124023,3,50,64,6,8,15.0,9;9;8;8;8;8,125.0;150.0;175.0,1.0,1.0,1.0
robustness,clusters_6,data/robustness/clusters_6/scenario_024.npz,124024,3,50,64,6,8,15.0,9;9;8;8;8;8,125.0;150.0;175.0,1.0,1.0,1.0
robustness,clusters_6,data/robustness/clusters_6/scenario_025.npz,124025,3,50,64,6,8,15.0,9;9;8;8;8;8,150.0;125.0;175.0,1.0,1.0,1.0
robustness,clusters_6,data/robustness/clusters_6/scenario_026.npz,124026,3,50,64,6,8,15.0,9;9;8;8;8;8,150.0;125.0;175.0,1.0,1.0,1.0
robustness,clusters_6,data/robustness/clusters_6/scenario_027.npz,124027,3,50,64,6,8,15.0,9;9;8;8;8;8,150.0;125.0;175.0,1.0,1.0,1.0
robustness,clusters_6,data/robustness/clusters_6/scenario_028.npz,124028,3,50,64,6,8,15.0,9;9;8;8;8;8,125.0;150.0;175.0,1.0,1.0,1.0
robustness,clusters_6,data/robustness/clusters_6/scenario_029.npz,124029,3,50,64,6,8,15.0,9;9;8;8;8;8,175.0;125.0;150.0,1.0,1.0,1.0
robustness,clusters_6,data/robustness/clusters_6/scenario_030.npz,124030,3,50,64,6,8,15.0,9;9;8;8;8;8,125.0;175.0;150.0,1.0,1.0,1.0
robustness,clusters_6,data/robustness/clusters_6/scenario_031.npz,124031,3,50,64,6,8,15.0,9;9;8;8;8;8,175.0;150.0;125.0,1.0,1.0,1.0
robustness,clusters_6,data/robustness/clusters_6/scenario_032.npz,124032,3,50,64,6,8,15.0,9;9;8;8;8;8,150.0;125.0;175.0,1.0,1.0,1.0
robustness,clusters_6,data/robustness/clusters_6/scenario_033.npz,124033,3,50,64,6,8,15.0,9;9;8;8;8;8,150.0;175.0;125.0,1.0,1.0,1.0
robustness,clusters_6,data/robustness/clusters_6/scenario_034.npz,124034,3,50,64,6,8,15.0,9;9;8;8;8;8,150.0;175.0;125.0,1.0,1.0,1.0
robustness,clusters_6,data/robustness/clusters_6/scenario_035.npz,124035,3,50,64,6,8,15.0,9;9;8;8;8;8,125.0;175.0;150.0,1.0,1.0,1.0
robustness,clusters_6,data/robustness/clusters_6/scenario_036.npz,124036,3,50,64,6,8,15.0,9;9;8;8;8;8,125.0;150.0;175.0,1.0,1.0,1.0
robustness,clusters_6,data/robustness/clusters_6/scenario_037.npz,124037,3,50,64,6,8,15.0,9;9;8;8;8;8,175.0;125.0;150.0,1.0,1.0,1.0
robustness,clusters_6,data/robustness/clusters_6/scenario_038.npz,124038,3,50,64,6,8,15.0,9;9;8;8;8;8,150.0;175.0;125.0,1.0,1.0,1.0
robustness,clusters_6,data/robustness/clusters_6/scenario_039.npz,124039,3,50,64,6,8,15.0,9;9;8;8;8;8,150.0;175.0;125.0,1.0,1.0,1.0
robustness,population_moderate,data/robustness/population_moderate/scenario_000.npz,124000,3,50,64,4,8,15.0,5;20;10;15,125.0;150.0;175.0,1.0,1.0,1.0
robustness,population_moderate,data/robustness/population_moderate/scenario_001.npz,124001,3,50,64,4,8,15.0,5;15;20;10,175.0;125.0;150.0,1.0,1.0,1.0
robustness,population_moderate,data/robustness/population_moderate/scenario_002.npz,124002,3,50,64,4,8,15.0,5;20;15;10,150.0;125.0;175.0,1.0,1.0,1.0
robustness,population_moderate,data/robustness/population_moderate/scenario_003.npz,124003,3,50,64,4,8,15.0,10;20;15;5,125.0;150.0;175.0,1.0,1.0,1.0
robustness,population_moderate,data/robustness/population_moderate/scenario_004.npz,124004,3,50,64,4,8,15.0,15;20;10;5,175.0;150.0;125.0,1.0,1.0,1.0
robustness,population_moderate,data/robustness/population_moderate/scenario_005.npz,124005,3,50,64,4,8,15.0,15;20;5;10,150.0;175.0;125.0,1.0,1.0,1.0
robustness,population_moderate,data/robustness/population_moderate/scenario_006.npz,124006,3,50,64,4,8,15.0,20;15;10;5,175.0;150.0;125.0,1.0,1.0,1.0
robustness,population_moderate,data/robustness/population_moderate/scenario_007.npz,124007,3,50,64,4,8,15.0,15;20;10;5,125.0;175.0;150.0,1.0,1.0,1.0
robustness,population_moderate,data/robustness/population_moderate/scenario_008.npz,124008,3,50,64,4,8,15.0,10;5;20;15,175.0;150.0;125.0,1.0,1.0,1.0
robustness,population_moderate,data/robustness/population_moderate/scenario_009.npz,124009,3,50,64,4,8,15.0,15;5;10;20,125.0;175.0;150.0,1.0,1.0,1.0
robustness,population_moderate,data/robustness/population_moderate/scenario_010.npz,124010,3,50,64,4,8,15.0,20;10;15;5,125.0;175.0;150.0,1.0,1.0,1.0
robustness,population_moderate,data/robustness/population_moderate/scenario_011.npz,124011,3,50,64,4,8,15.0,20;15;10;5,175.0;150.0;125.0,1.0,1.0,1.0
robustness,population_moderate,data/robustness/population_moderate/scenario_012.npz,124012,3,50,64,4,8,15.0,15;10;5;20,150.0;125.0;175.0,1.0,1.0,1.0
robustness,population_moderate,data/robustness/population_moderate/scenario_013.npz,124013,3,50,64,4,8,15.0,15;10;5;20,150.0;175.0;125.0,1.0,1.0,1.0
robustness,population_moderate,data/robustness/population_moderate/scenario_014.npz,124014,3,50,64,4,8,15.0,5;20;15;10,150.0;125.0;175.0,1.0,1.0,1.0
robustness,population_moderate,data/robustness/population_moderate/scenario_015.npz,124015,3,50,64,4,8,15.0,20;15;5;10,125.0;175.0;150.0,1.0,1.0,1.0
robustness,population_moderate,data/robustness/population_moderate/scenario_016.npz,124016,3,50,64,4,8,15.0,10;20;15;5,150.0;175.0;125.0,1.0,1.0,1.0
robustness,population_moderate,data/robustness/population_moderate/scenario_017.npz,124017,3,50,64,4,8,15.0,10;5;15;20,150.0;175.0;125.0,1.0,1.0,1.0
robustness,population_moderate,data/robustness/population_moderate/scenario_018.npz,124018,3,50,64,4,8,15.0,20;5;10;15,150.0;175.0;125.0,1.0,1.0,1.0
robustness,population_moderate,data/robustness/population_moderate/scenario_019.npz,124019,3,50,64,4,8,15.0,10;5;15;20,150.0;175.0;125.0,1.0,1.0,1.0
robustness,population_moderate,data/robustness/population_moderate/scenario_020.npz,124020,3,50,64,4,8,15.0,10;5;20;15,175.0;125.0;150.0,1.0,1.0,1.0
robustness,population_moderate,data/robustness/population_moderate/scenario_021.npz,124021,3,50,64,4,8,15.0,10;5;20;15,125.0;175.0;150.0,1.0,1.0,1.0
robustness,population_moderate,data/robustness/population_moderate/scenario_022.npz,124022,3,50,64,4,8,15.0,20;10;15;5,150.0;125.0;175.0,1.0,1.0,1.0
robustness,population_moderate,data/robustness/population_moderate/scenario_023.npz,124023,3,50,64,4,8,15.0,10;20;5;15,125.0;150.0;175.0,1.0,1.0,1.0
robustness,population_moderate,data/robustness/population_moderate/scenario_024.npz,124024,3,50,64,4,8,15.0,20;15;10;5,125.0;150.0;175.0,1.0,1.0,1.0
robustness,population_moderate,data/robustness/population_moderate/scenario_025.npz,124025,3,50,64,4,8,15.0,15;5;10;20,150.0;125.0;175.0,1.0,1.0,1.0
robustness,population_moderate,data/robustness/population_moderate/scenario_026.npz,124026,3,50,64,4,8,15.0,15;20;10;5,150.0;125.0;175.0,1.0,1.0,1.0
robustness,population_moderate,data/robustness/population_moderate/scenario_027.npz,124027,3,50,64,4,8,15.0,20;10;15;5,150.0;125.0;175.0,1.0,1.0,1.0
robustness,population_moderate,data/robustness/population_moderate/scenario_028.npz,124028,3,50,64,4,8,15.0,5;15;20;10,125.0;150.0;175.0,1.0,1.0,1.0
robustness,population_moderate,data/robustness/population_moderate/scenario_029.npz,124029,3,50,64,4,8,15.0,20;5;10;15,175.0;125.0;150.0,1.0,1.0,1.0
robustness,population_moderate,data/robustness/population_moderate/scenario_030.npz,124030,3,50,64,4,8,15.0,10;15;20;5,125.0;175.0;150.0,1.0,1.0,1.0
robustness,population_moderate,data/robustness/population_moderate/scenario_031.npz,124031,3,50,64,4,8,15.0,5;20;15;10,175.0;150.0;125.0,1.0,1.0,1.0
robustness,population_moderate,data/robustness/population_moderate/scenario_032.npz,124032,3,50,64,4,8,15.0,15;5;10;20,150.0;125.0;175.0,1.0,1.0,1.0
robustness,population_moderate,data/robustness/population_moderate/scenario_033.npz,124033,3,50,64,4,8,15.0,15;20;5;10,150.0;175.0;125.0,1.0,1.0,1.0
robustness,population_moderate,data/robustness/population_moderate/scenario_034.npz,124034,3,50,64,4,8,15.0,20;10;15;5,150.0;175.0;125.0,1.0,1.0,1.0
robustness,population_moderate,data/robustness/population_moderate/scenario_035.npz,124035,3,50,64,4,8,15.0,5;20;10;15,125.0;175.0;150.0,1.0,1.0,1.0
robustness,population_moderate,data/robustness/population_moderate/scenario_036.npz,124036,3,50,64,4,8,15.0,5;15;20;10,125.0;150.0;175.0,1.0,1.0,1.0
robustness,population_moderate,data/robustness/population_moderate/scenario_037.npz,124037,3,50,64,4,8,15.0,15;10;20;5,175.0;125.0;150.0,1.0,1.0,1.0
robustness,population_moderate,data/robustness/population_moderate/scenario_038.npz,124038,3,50,64,4,8,15.0,20;5;10;15,150.0;175.0;125.0,1.0,1.0,1.0
robustness,population_moderate,data/robustness/population_moderate/scenario_039.npz,124039,3,50,64,4,8,15.0,5;10;15;20,150.0;175.0;125.0,1.0,1.0,1.0
robustness,population_strong,data/robustness/population_strong/scenario_000.npz,124000,3,50,64,4,8,15.0,4;26;8;12,125.0;150.0;175.0,1.0,1.0,1.0
robustness,population_strong,data/robustness/population_strong/scenario_001.npz,124001,3,50,64,4,8,15.0,4;12;26;8,175.0;125.0;150.0,1.0,1.0,1.0
robustness,population_strong,data/robustness/population_strong/scenario_002.npz,124002,3,50,64,4,8,15.0,4;26;12;8,150.0;125.0;175.0,1.0,1.0,1.0
robustness,population_strong,data/robustness/population_strong/scenario_003.npz,124003,3,50,64,4,8,15.0,8;26;12;4,125.0;150.0;175.0,1.0,1.0,1.0
robustness,population_strong,data/robustness/population_strong/scenario_004.npz,124004,3,50,64,4,8,15.0,12;26;8;4,175.0;150.0;125.0,1.0,1.0,1.0
robustness,population_strong,data/robustness/population_strong/scenario_005.npz,124005,3,50,64,4,8,15.0,12;26;4;8,150.0;175.0;125.0,1.0,1.0,1.0
robustness,population_strong,data/robustness/population_strong/scenario_006.npz,124006,3,50,64,4,8,15.0,26;12;8;4,175.0;150.0;125.0,1.0,1.0,1.0
robustness,population_strong,data/robustness/population_strong/scenario_007.npz,124007,3,50,64,4,8,15.0,12;26;8;4,125.0;175.0;150.0,1.0,1.0,1.0
robustness,population_strong,data/robustness/population_strong/scenario_008.npz,124008,3,50,64,4,8,15.0,8;4;26;12,175.0;150.0;125.0,1.0,1.0,1.0
robustness,population_strong,data/robustness/population_strong/scenario_009.npz,124009,3,50,64,4,8,15.0,12;4;8;26,125.0;175.0;150.0,1.0,1.0,1.0
robustness,population_strong,data/robustness/population_strong/scenario_010.npz,124010,3,50,64,4,8,15.0,26;8;12;4,125.0;175.0;150.0,1.0,1.0,1.0
robustness,population_strong,data/robustness/population_strong/scenario_011.npz,124011,3,50,64,4,8,15.0,26;12;8;4,175.0;150.0;125.0,1.0,1.0,1.0
robustness,population_strong,data/robustness/population_strong/scenario_012.npz,124012,3,50,64,4,8,15.0,12;8;4;26,150.0;125.0;175.0,1.0,1.0,1.0
robustness,population_strong,data/robustness/population_strong/scenario_013.npz,124013,3,50,64,4,8,15.0,12;8;4;26,150.0;175.0;125.0,1.0,1.0,1.0
robustness,population_strong,data/robustness/population_strong/scenario_014.npz,124014,3,50,64,4,8,15.0,4;26;12;8,150.0;125.0;175.0,1.0,1.0,1.0
robustness,population_strong,data/robustness/population_strong/scenario_015.npz,124015,3,50,64,4,8,15.0,26;12;4;8,125.0;175.0;150.0,1.0,1.0,1.0
robustness,population_strong,data/robustness/population_strong/scenario_016.npz,124016,3,50,64,4,8,15.0,8;26;12;4,150.0;175.0;125.0,1.0,1.0,1.0
robustness,population_strong,data/robustness/population_strong/scenario_017.npz,124017,3,50,64,4,8,15.0,8;4;12;26,150.0;175.0;125.0,1.0,1.0,1.0
robustness,population_strong,data/robustness/population_strong/scenario_018.npz,124018,3,50,64,4,8,15.0,26;4;8;12,150.0;175.0;125.0,1.0,1.0,1.0
robustness,population_strong,data/robustness/population_strong/scenario_019.npz,124019,3,50,64,4,8,15.0,8;4;12;26,150.0;175.0;125.0,1.0,1.0,1.0
robustness,population_strong,data/robustness/population_strong/scenario_020.npz,124020,3,50,64,4,8,15.0,8;4;26;12,175.0;125.0;150.0,1.0,1.0,1.0
robustness,population_strong,data/robustness/population_strong/scenario_021.npz,124021,3,50,64,4,8,15.0,8;4;26;12,125.0;175.0;150.0,1.0,1.0,1.0
robustness,population_strong,data/robustness/population_strong/scenario_022.npz,124022,3,50,64,4,8,15.0,26;8;12;4,150.0;125.0;175.0,1.0,1.0,1.0
robustness,population_strong,data/robustness/population_strong/scenario_023.npz,124023,3,50,64,4,8,15.0,8;26;4;12,125.0;150.0;175.0,1.0,1.0,1.0
robustness,population_strong,data/robustness/population_strong/scenario_024.npz,124024,3,50,64,4,8,15.0,26;12;8;4,125.0;150.0;175.0,1.0,1.0,1.0
robustness,population_strong,data/robustness/population_strong/scenario_025.npz,124025,3,50,64,4,8,15.0,12;4;8;26,150.0;125.0;175.0,1.0,1.0,1.0
robustness,population_strong,data/robustness/population_strong/scenario_026.npz,124026,3,50,64,4,8,15.0,12;26;8;4,150.0;125.0;175.0,1.0,1.0,1.0
robustness,population_strong,data/robustness/population_strong/scenario_027.npz,124027,3,50,64,4,8,15.0,26;8;12;4,150.0;125.0;175.0,1.0,1.0,1.0
robustness,population_strong,data/robustness/population_strong/scenario_028.npz,124028,3,50,64,4,8,15.0,4;12;26;8,125.0;150.0;175.0,1.0,1.0,1.0
robustness,population_strong,data/robustness/population_strong/scenario_029.npz,124029,3,50,64,4,8,15.0,26;4;8;12,175.0;125.0;150.0,1.0,1.0,1.0
robustness,population_strong,data/robustness/population_strong/scenario_030.npz,124030,3,50,64,4,8,15.0,8;12;26;4,125.0;175.0;150.0,1.0,1.0,1.0
robustness,population_strong,data/robustness/population_strong/scenario_031.npz,124031,3,50,64,4,8,15.0,4;26;12;8,175.0;150.0;125.0,1.0,1.0,1.0
robustness,population_strong,data/robustness/population_strong/scenario_032.npz,124032,3,50,64,4,8,15.0,12;4;8;26,150.0;125.0;175.0,1.0,1.0,1.0
robustness,population_strong,data/robustness/population_strong/scenario_033.npz,124033,3,50,64,4,8,15.0,12;26;4;8,150.0;175.0;125.0,1.0,1.0,1.0
robustness,population_strong,data/robustness/population_strong/scenario_034.npz,124034,3,50,64,4,8,15.0,26;8;12;4,150.0;175.0;125.0,1.0,1.0,1.0
robustness,population_strong,data/robustness/population_strong/scenario_035.npz,124035,3,50,64,4,8,15.0,4;26;8;12,125.0;175.0;150.0,1.0,1.0,1.0
robustness,population_strong,data/robustness/population_strong/scenario_036.npz,124036,3,50,64,4,8,15.0,4;12;26;8,125.0;150.0;175.0,1.0,1.0,1.0
robustness,population_strong,data/robustness/population_strong/scenario_037.npz,124037,3,50,64,4,8,15.0,12;8;26;4,175.0;125.0;150.0,1.0,1.0,1.0
robustness,population_strong,data/robustness/population_strong/scenario_038.npz,124038,3,50,64,4,8,15.0,26;4;8;12,150.0;175.0;125.0,1.0,1.0,1.0
robustness,population_strong,data/robustness/population_strong/scenario_039.npz,124039,3,50,64,4,8,15.0,4;8;12;26,150.0;175.0;125.0,1.0,1.0,1.0
robustness,grid_6,data/robustness/grid_6/scenario_000.npz,124000,3,50,36,4,8,15.0,13;13;12;12,125.0;150.0;175.0,1.0,1.0,1.0
robustness,grid_6,data/robustness/grid_6/scenario_001.npz,124001,3,50,36,4,8,15.0,13;13;12;12,175.0;125.0;150.0,1.0,1.0,1.0
robustness,grid_6,data/robustness/grid_6/scenario_002.npz,124002,3,50,36,4,8,15.0,13;13;12;12,150.0;125.0;175.0,1.0,1.0,1.0
robustness,grid_6,data/robustness/grid_6/scenario_003.npz,124003,3,50,36,4,8,15.0,13;13;12;12,125.0;150.0;175.0,1.0,1.0,1.0
robustness,grid_6,data/robustness/grid_6/scenario_004.npz,124004,3,50,36,4,8,15.0,13;13;12;12,175.0;150.0;125.0,1.0,1.0,1.0
robustness,grid_6,data/robustness/grid_6/scenario_005.npz,124005,3,50,36,4,8,15.0,13;13;12;12,150.0;175.0;125.0,1.0,1.0,1.0
robustness,grid_6,data/robustness/grid_6/scenario_006.npz,124006,3,50,36,4,8,15.0,13;13;12;12,175.0;150.0;125.0,1.0,1.0,1.0
robustness,grid_6,data/robustness/grid_6/scenario_007.npz,124007,3,50,36,4,8,15.0,13;13;12;12,125.0;175.0;150.0,1.0,1.0,1.0
robustness,grid_6,data/robustness/grid_6/scenario_008.npz,124008,3,50,36,4,8,15.0,13;13;12;12,175.0;150.0;125.0,1.0,1.0,1.0
robustness,grid_6,data/robustness/grid_6/scenario_009.npz,124009,3,50,36,4,8,15.0,13;13;12;12,125.0;175.0;150.0,1.0,1.0,1.0
robustness,grid_6,data/robustness/grid_6/scenario_010.npz,124010,3,50,36,4,8,15.0,13;13;12;12,125.0;175.0;150.0,1.0,1.0,1.0
robustness,grid_6,data/robustness/grid_6/scenario_011.npz,124011,3,50,36,4,8,15.0,13;13;12;12,175.0;150.0;125.0,1.0,1.0,1.0
robustness,grid_6,data/robustness/grid_6/scenario_012.npz,124012,3,50,36,4,8,15.0,13;13;12;12,150.0;125.0;175.0,1.0,1.0,1.0
robustness,grid_6,data/robustness/grid_6/scenario_013.npz,124013,3,50,36,4,8,15.0,13;13;12;12,150.0;175.0;125.0,1.0,1.0,1.0
robustness,grid_6,data/robustness/grid_6/scenario_014.npz,124014,3,50,36,4,8,15.0,13;13;12;12,150.0;125.0;175.0,1.0,1.0,1.0
robustness,grid_6,data/robustness/grid_6/scenario_015.npz,124015,3,50,36,4,8,15.0,13;13;12;12,125.0;175.0;150.0,1.0,1.0,1.0
robustness,grid_6,data/robustness/grid_6/scenario_016.npz,124016,3,50,36,4,8,15.0,13;13;12;12,150.0;175.0;125.0,1.0,1.0,1.0
robustness,grid_6,data/robustness/grid_6/scenario_017.npz,124017,3,50,36,4,8,15.0,13;13;12;12,150.0;175.0;125.0,1.0,1.0,1.0
robustness,grid_6,data/robustness/grid_6/scenario_018.npz,124018,3,50,36,4,8,15.0,13;13;12;12,150.0;175.0;125.0,1.0,1.0,1.0
robustness,grid_6,data/robustness/grid_6/scenario_019.npz,124019,3,50,36,4,8,15.0,13;13;12;12,150.0;175.0;125.0,1.0,1.0,1.0
robustness,grid_6,data/robustness/grid_6/scenario_020.npz,124020,3,50,36,4,8,15.0,13;13;12;12,175.0;125.0;150.0,1.0,1.0,1.0
robustness,grid_6,data/robustness/grid_6/scenario_021.npz,124021,3,50,36,4,8,15.0,13;13;12;12,125.0;175.0;150.0,1.0,1.0,1.0
robustness,grid_6,data/robustness/grid_6/scenario_022.npz,124022,3,50,36,4,8,15.0,13;13;12;12,150.0;125.0;175.0,1.0,1.0,1.0
robustness,grid_6,data/robustness/grid_6/scenario_023.npz,124023,3,50,36,4,8,15.0,13;13;12;12,125.0;150.0;175.0,1.0,1.0,1.0
robustness,grid_6,data/robustness/grid_6/scenario_024.npz,124024,3,50,36,4,8,15.0,13;13;12;12,125.0;150.0;175.0,1.0,1.0,1.0
robustness,grid_6,data/robustness/grid_6/scenario_025.npz,124025,3,50,36,4,8,15.0,13;13;12;12,150.0;125.0;175.0,1.0,1.0,1.0
robustness,grid_6,data/robustness/grid_6/scenario_026.npz,124026,3,50,36,4,8,15.0,13;13;12;12,150.0;125.0;175.0,1.0,1.0,1.0
robustness,grid_6,data/robustness/grid_6/scenario_027.npz,124027,3,50,36,4,8,15.0,13;13;12;12,150.0;125.0;175.0,1.0,1.0,1.0
robustness,grid_6,data/robustness/grid_6/scenario_028.npz,124028,3,50,36,4,8,15.0,13;13;12;12,125.0;150.0;175.0,1.0,1.0,1.0
robustness,grid_6,data/robustness/grid_6/scenario_029.npz,124029,3,50,36,4,8,15.0,13;13;12;12,175.0;125.0;150.0,1.0,1.0,1.0
robustness,grid_6,data/robustness/grid_6/scenario_030.npz,124030,3,50,36,4,8,15.0,13;13;12;12,125.0;175.0;150.0,1.0,1.0,1.0
robustness,grid_6,data/robustness/grid_6/scenario_031.npz,124031,3,50,36,4,8,15.0,13;13;12;12,175.0;150.0;125.0,1.0,1.0,1.0
robustness,grid_6,data/robustness/grid_6/scenario_032.npz,124032,3,50,36,4,8,15.0,13;13;12;12,150.0;125.0;175.0,1.0,1.0,1.0
robustness,grid_6,data/robustness/grid_6/scenario_033.npz,124033,3,50,36,4,8,15.0,13;13;12;12,150.0;175.0;125.0,1.0,1.0,1.0
robustness,grid_6,data/robustness/grid_6/scenario_034.npz,124034,3,50,36,4,8,15.0,13;13;12;12,150.0;175.0;125.0,1.0,1.0,1.0
robustness,grid_6,data/robustness/grid_6/scenario_035.npz,124035,3,50,36,4,8,15.0,13;13;12;12,125.0;175.0;150.0,1.0,1.0,1.0
robustness,grid_6,data/robustness/grid_6/scenario_036.npz,124036,3,50,36,4,8,15.0,13;13;12;12,125.0;150.0;175.0,1.0,1.0,1.0
robustness,grid_6,data/robustness/grid_6/scenario_037.npz,124037,3,50,36,4,8,15.0,13;13;12;12,175.0;125.0;150.0,1.0,1.0,1.0
robustness,grid_6,data/robustness/grid_6/scenario_038.npz,124038,3,50,36,4,8,15.0,13;13;12;12,150.0;175.0;125.0,1.0,1.0,1.0
robustness,grid_6,data/robustness/grid_6/scenario_039.npz,124039,3,50,36,4,8,15.0,13;13;12;12,150.0;175.0;125.0,1.0,1.0,1.0
robustness,grid_10,data/robustness/grid_10/scenario_000.npz,124000,3,50,100,4,8,15.0,13;13;12;12,125.0;150.0;175.0,1.0,1.0,1.0
robustness,grid_10,data/robustness/grid_10/scenario_001.npz,124001,3,50,100,4,8,15.0,13;13;12;12,175.0;125.0;150.0,1.0,1.0,1.0
robustness,grid_10,data/robustness/grid_10/scenario_002.npz,124002,3,50,100,4,8,15.0,13;13;12;12,150.0;125.0;175.0,1.0,1.0,1.0
robustness,grid_10,data/robustness/grid_10/scenario_003.npz,124003,3,50,100,4,8,15.0,13;13;12;12,125.0;150.0;175.0,1.0,1.0,1.0
robustness,grid_10,data/robustness/grid_10/scenario_004.npz,124004,3,50,100,4,8,15.0,13;13;12;12,175.0;150.0;125.0,1.0,1.0,1.0
robustness,grid_10,data/robustness/grid_10/scenario_005.npz,124005,3,50,100,4,8,15.0,13;13;12;12,150.0;175.0;125.0,1.0,1.0,1.0
robustness,grid_10,data/robustness/grid_10/scenario_006.npz,124006,3,50,100,4,8,15.0,13;13;12;12,175.0;150.0;125.0,1.0,1.0,1.0
robustness,grid_10,data/robustness/grid_10/scenario_007.npz,124007,3,50,100,4,8,15.0,13;13;12;12,125.0;175.0;150.0,1.0,1.0,1.0
robustness,grid_10,data/robustness/grid_10/scenario_008.npz,124008,3,50,100,4,8,15.0,13;13;12;12,175.0;150.0;125.0,1.0,1.0,1.0
robustness,grid_10,data/robustness/grid_10/scenario_009.npz,124009,3,50,100,4,8,15.0,13;13;12;12,125.0;175.0;150.0,1.0,1.0,1.0
robustness,grid_10,data/robustness/grid_10/scenario_010.npz,124010,3,50,100,4,8,15.0,13;13;12;12,125.0;175.0;150.0,1.0,1.0,1.0
robustness,grid_10,data/robustness/grid_10/scenario_011.npz,124011,3,50,100,4,8,15.0,13;13;12;12,175.0;150.0;125.0,1.0,1.0,1.0
robustness,grid_10,data/robustness/grid_10/scenario_012.npz,124012,3,50,100,4,8,15.0,13;13;12;12,150.0;125.0;175.0,1.0,1.0,1.0
robustness,grid_10,data/robustness/grid_10/scenario_013.npz,124013,3,50,100,4,8,15.0,13;13;12;12,150.0;175.0;125.0,1.0,1.0,1.0
robustness,grid_10,data/robustness/grid_10/scenario_014.npz,124014,3,50,100,4,8,15.0,13;13;12;12,150.0;125.0;175.0,1.0,1.0,1.0
robustness,grid_10,data/robustness/grid_10/scenario_015.npz,124015,3,50,100,4,8,15.0,13;13;12;12,125.0;175.0;150.0,1.0,1.0,1.0
robustness,grid_10,data/robustness/grid_10/scenario_016.npz,124016,3,50,100,4,8,15.0,13;13;12;12,150.0;175.0;125.0,1.0,1.0,1.0
robustness,grid_10,data/robustness/grid_10/scenario_017.npz,124017,3,50,100,4,8,15.0,13;13;12;12,150.0;175.0;125.0,1.0,1.0,1.0
robustness,grid_10,data/robustness/grid_10/scenario_018.npz,124018,3,50,100,4,8,15.0,13;13;12;12,150.0;175.0;125.0,1.0,1.0,1.0
robustness,grid_10,data/robustness/grid_10/scenario_019.npz,124019,3,50,100,4,8,15.0,13;13;12;12,150.0;175.0;125.0,1.0,1.0,1.0
robustness,grid_10,data/robustness/grid_10/scenario_020.npz,124020,3,50,100,4,8,15.0,13;13;12;12,175.0;125.0;150.0,1.0,1.0,1.0
robustness,grid_10,data/robustness/grid_10/scenario_021.npz,124021,3,50,100,4,8,15.0,13;13;12;12,125.0;175.0;150.0,1.0,1.0,1.0
robustness,grid_10,data/robustness/grid_10/scenario_022.npz,124022,3,50,100,4,8,15.0,13;13;12;12,150.0;125.0;175.0,1.0,1.0,1.0
robustness,grid_10,data/robustness/grid_10/scenario_023.npz,124023,3,50,100,4,8,15.0,13;13;12;12,125.0;150.0;175.0,1.0,1.0,1.0
robustness,grid_10,data/robustness/grid_10/scenario_024.npz,124024,3,50,100,4,8,15.0,13;13;12;12,125.0;150.0;175.0,1.0,1.0,1.0
robustness,grid_10,data/robustness/grid_10/scenario_025.npz,124025,3,50,100,4,8,15.0,13;13;12;12,150.0;125.0;175.0,1.0,1.0,1.0
robustness,grid_10,data/robustness/grid_10/scenario_026.npz,124026,3,50,100,4,8,15.0,13;13;12;12,150.0;125.0;175.0,1.0,1.0,1.0
robustness,grid_10,data/robustness/grid_10/scenario_027.npz,124027,3,50,100,4,8,15.0,13;13;12;12,150.0;125.0;175.0,1.0,1.0,1.0
robustness,grid_10,data/robustness/grid_10/scenario_028.npz,124028,3,50,100,4,8,15.0,13;13;12;12,125.0;150.0;175.0,1.0,1.0,1.0
robustness,grid_10,data/robustness/grid_10/scenario_029.npz,124029,3,50,100,4,8,15.0,13;13;12;12,175.0;125.0;150.0,1.0,1.0,1.0
robustness,grid_10,data/robustness/grid_10/scenario_030.npz,124030,3,50,100,4,8,15.0,13;13;12;12,125.0;175.0;150.0,1.0,1.0,1.0
robustness,grid_10,data/robustness/grid_10/scenario_031.npz,124031,3,50,100,4,8,15.0,13;13;12;12,175.0;150.0;125.0,1.0,1.0,1.0
robustness,grid_10,data/robustness/grid_10/scenario_032.npz,124032,3,50,100,4,8,15.0,13;13;12;12,150.0;125.0;175.0,1.0,1.0,1.0
robustness,grid_10,data/robustness/grid_10/scenario_033.npz,124033,3,50,100,4,8,15.0,13;13;12;12,150.0;175.0;125.0,1.0,1.0,1.0
robustness,grid_10,data/robustness/grid_10/scenario_034.npz,124034,3,50,100,4,8,15.0,13;13;12;12,150.0;175.0;125.0,1.0,1.0,1.0
robustness,grid_10,data/robustness/grid_10/scenario_035.npz,124035,3,50,100,4,8,15.0,13;13;12;12,125.0;175.0;150.0,1.0,1.0,1.0
robustness,grid_10,data/robustness/grid_10/scenario_036.npz,124036,3,50,100,4,8,15.0,13;13;12;12,125.0;150.0;175.0,1.0,1.0,1.0
robustness,grid_10,data/robustness/grid_10/scenario_037.npz,124037,3,50,100,4,8,15.0,13;13;12;12,175.0;125.0;150.0,1.0,1.0,1.0
robustness,grid_10,data/robustness/grid_10/scenario_038.npz,124038,3,50,100,4,8,15.0,13;13;12;12,150.0;175.0;125.0,1.0,1.0,1.0
robustness,grid_10,data/robustness/grid_10/scenario_039.npz,124039,3,50,100,4,8,15.0,13;13;12;12,150.0;175.0;125.0,1.0,1.0,1.0
robustness,sensing_10m,data/robustness/sensing_10m/scenario_000.npz,124000,3,50,64,4,8,10.0,13;13;12;12,125.0;150.0;175.0,1.0,1.0,1.0
robustness,sensing_10m,data/robustness/sensing_10m/scenario_001.npz,124001,3,50,64,4,8,10.0,13;13;12;12,175.0;125.0;150.0,1.0,1.0,1.0
robustness,sensing_10m,data/robustness/sensing_10m/scenario_002.npz,124002,3,50,64,4,8,10.0,13;13;12;12,150.0;125.0;175.0,1.0,1.0,1.0
robustness,sensing_10m,data/robustness/sensing_10m/scenario_003.npz,124003,3,50,64,4,8,10.0,13;13;12;12,125.0;150.0;175.0,1.0,1.0,1.0
robustness,sensing_10m,data/robustness/sensing_10m/scenario_004.npz,124004,3,50,64,4,8,10.0,13;13;12;12,175.0;150.0;125.0,1.0,1.0,1.0
robustness,sensing_10m,data/robustness/sensing_10m/scenario_005.npz,124005,3,50,64,4,8,10.0,13;13;12;12,150.0;175.0;125.0,1.0,1.0,1.0
robustness,sensing_10m,data/robustness/sensing_10m/scenario_006.npz,124006,3,50,64,4,8,10.0,13;13;12;12,175.0;150.0;125.0,1.0,1.0,1.0
robustness,sensing_10m,data/robustness/sensing_10m/scenario_007.npz,124007,3,50,64,4,8,10.0,13;13;12;12,125.0;175.0;150.0,1.0,1.0,1.0
robustness,sensing_10m,data/robustness/sensing_10m/scenario_008.npz,124008,3,50,64,4,8,10.0,13;13;12;12,175.0;150.0;125.0,1.0,1.0,1.0
robustness,sensing_10m,data/robustness/sensing_10m/scenario_009.npz,124009,3,50,64,4,8,10.0,13;13;12;12,125.0;175.0;150.0,1.0,1.0,1.0
robustness,sensing_10m,data/robustness/sensing_10m/scenario_010.npz,124010,3,50,64,4,8,10.0,13;13;12;12,125.0;175.0;150.0,1.0,1.0,1.0
robustness,sensing_10m,data/robustness/sensing_10m/scenario_011.npz,124011,3,50,64,4,8,10.0,13;13;12;12,175.0;150.0;125.0,1.0,1.0,1.0
robustness,sensing_10m,data/robustness/sensing_10m/scenario_012.npz,124012,3,50,64,4,8,10.0,13;13;12;12,150.0;125.0;175.0,1.0,1.0,1.0
robustness,sensing_10m,data/robustness/sensing_10m/scenario_013.npz,124013,3,50,64,4,8,10.0,13;13;12;12,150.0;175.0;125.0,1.0,1.0,1.0
robustness,sensing_10m,data/robustness/sensing_10m/scenario_014.npz,124014,3,50,64,4,8,10.0,13;13;12;12,150.0;125.0;175.0,1.0,1.0,1.0
robustness,sensing_10m,data/robustness/sensing_10m/scenario_015.npz,124015,3,50,64,4,8,10.0,13;13;12;12,125.0;175.0;150.0,1.0,1.0,1.0
robustness,sensing_10m,data/robustness/sensing_10m/scenario_016.npz,124016,3,50,64,4,8,10.0,13;13;12;12,150.0;175.0;125.0,1.0,1.0,1.0
robustness,sensing_10m,data/robustness/sensing_10m/scenario_017.npz,124017,3,50,64,4,8,10.0,13;13;12;12,150.0;175.0;125.0,1.0,1.0,1.0
robustness,sensing_10m,data/robustness/sensing_10m/scenario_018.npz,124018,3,50,64,4,8,10.0,13;13;12;12,150.0;175.0;125.0,1.0,1.0,1.0
robustness,sensing_10m,data/robustness/sensing_10m/scenario_019.npz,124019,3,50,64,4,8,10.0,13;13;12;12,150.0;175.0;125.0,1.0,1.0,1.0
robustness,sensing_10m,data/robustness/sensing_10m/scenario_020.npz,124020,3,50,64,4,8,10.0,13;13;12;12,175.0;125.0;150.0,1.0,1.0,1.0
robustness,sensing_10m,data/robustness/sensing_10m/scenario_021.npz,124021,3,50,64,4,8,10.0,13;13;12;12,125.0;175.0;150.0,1.0,1.0,1.0
robustness,sensing_10m,data/robustness/sensing_10m/scenario_022.npz,124022,3,50,64,4,8,10.0,13;13;12;12,150.0;125.0;175.0,1.0,1.0,1.0
robustness,sensing_10m,data/robustness/sensing_10m/scenario_023.npz,124023,3,50,64,4,8,10.0,13;13;12;12,125.0;150.0;175.0,1.0,1.0,1.0
robustness,sensing_10m,data/robustness/sensing_10m/scenario_024.npz,124024,3,50,64,4,8,10.0,13;13;12;12,125.0;150.0;175.0,1.0,1.0,1.0
robustness,sensing_10m,data/robustness/sensing_10m/scenario_025.npz,124025,3,50,64,4,8,10.0,13;13;12;12,150.0;125.0;175.0,1.0,1.0,1.0
robustness,sensing_10m,data/robustness/sensing_10m/scenario_026.npz,124026,3,50,64,4,8,10.0,13;13;12;12,150.0;125.0;175.0,1.0,1.0,1.0
robustness,sensing_10m,data/robustness/sensing_10m/scenario_027.npz,124027,3,50,64,4,8,10.0,13;13;12;12,150.0;125.0;175.0,1.0,1.0,1.0
robustness,sensing_10m,data/robustness/sensing_10m/scenario_028.npz,124028,3,50,64,4,8,10.0,13;13;12;12,125.0;150.0;175.0,1.0,1.0,1.0
robustness,sensing_10m,data/robustness/sensing_10m/scenario_029.npz,124029,3,50,64,4,8,10.0,13;13;12;12,175.0;125.0;150.0,1.0,1.0,1.0
robustness,sensing_10m,data/robustness/sensing_10m/scenario_030.npz,124030,3,50,64,4,8,10.0,13;13;12;12,125.0;175.0;150.0,1.0,1.0,1.0
robustness,sensing_10m,data/robustness/sensing_10m/scenario_031.npz,124031,3,50,64,4,8,10.0,13;13;12;12,175.0;150.0;125.0,1.0,1.0,1.0
robustness,sensing_10m,data/robustness/sensing_10m/scenario_032.npz,124032,3,50,64,4,8,10.0,13;13;12;12,150.0;125.0;175.0,1.0,1.0,1.0
robustness,sensing_10m,data/robustness/sensing_10m/scenario_033.npz,124033,3,50,64,4,8,10.0,13;13;12;12,150.0;175.0;125.0,1.0,1.0,1.0
robustness,sensing_10m,data/robustness/sensing_10m/scenario_034.npz,124034,3,50,64,4,8,10.0,13;13;12;12,150.0;175.0;125.0,1.0,1.0,1.0
robustness,sensing_10m,data/robustness/sensing_10m/scenario_035.npz,124035,3,50,64,4,8,10.0,13;13;12;12,125.0;175.0;150.0,1.0,1.0,1.0
robustness,sensing_10m,data/robustness/sensing_10m/scenario_036.npz,124036,3,50,64,4,8,10.0,13;13;12;12,125.0;150.0;175.0,1.0,1.0,1.0
robustness,sensing_10m,data/robustness/sensing_10m/scenario_037.npz,124037,3,50,64,4,8,10.0,13;13;12;12,175.0;125.0;150.0,1.0,1.0,1.0
robustness,sensing_10m,data/robustness/sensing_10m/scenario_038.npz,124038,3,50,64,4,8,10.0,13;13;12;12,150.0;175.0;125.0,1.0,1.0,1.0
robustness,sensing_10m,data/robustness/sensing_10m/scenario_039.npz,124039,3,50,64,4,8,10.0,13;13;12;12,150.0;175.0;125.0,1.0,1.0,1.0
robustness,sensing_30m,data/robustness/sensing_30m/scenario_000.npz,124000,3,50,64,4,8,30.0,13;13;12;12,125.0;150.0;175.0,1.0,1.0,1.0
robustness,sensing_30m,data/robustness/sensing_30m/scenario_001.npz,124001,3,50,64,4,8,30.0,13;13;12;12,175.0;125.0;150.0,1.0,1.0,1.0
robustness,sensing_30m,data/robustness/sensing_30m/scenario_002.npz,124002,3,50,64,4,8,30.0,13;13;12;12,150.0;125.0;175.0,1.0,1.0,1.0
robustness,sensing_30m,data/robustness/sensing_30m/scenario_003.npz,124003,3,50,64,4,8,30.0,13;13;12;12,125.0;150.0;175.0,1.0,1.0,1.0
robustness,sensing_30m,data/robustness/sensing_30m/scenario_004.npz,124004,3,50,64,4,8,30.0,13;13;12;12,175.0;150.0;125.0,1.0,1.0,1.0
robustness,sensing_30m,data/robustness/sensing_30m/scenario_005.npz,124005,3,50,64,4,8,30.0,13;13;12;12,150.0;175.0;125.0,1.0,1.0,1.0
robustness,sensing_30m,data/robustness/sensing_30m/scenario_006.npz,124006,3,50,64,4,8,30.0,13;13;12;12,175.0;150.0;125.0,1.0,1.0,1.0
robustness,sensing_30m,data/robustness/sensing_30m/scenario_007.npz,124007,3,50,64,4,8,30.0,13;13;12;12,125.0;175.0;150.0,1.0,1.0,1.0
robustness,sensing_30m,data/robustness/sensing_30m/scenario_008.npz,124008,3,50,64,4,8,30.0,13;13;12;12,175.0;150.0;125.0,1.0,1.0,1.0
robustness,sensing_30m,data/robustness/sensing_30m/scenario_009.npz,124009,3,50,64,4,8,30.0,13;13;12;12,125.0;175.0;150.0,1.0,1.0,1.0
robustness,sensing_30m,data/robustness/sensing_30m/scenario_010.npz,124010,3,50,64,4,8,30.0,13;13;12;12,125.0;175.0;150.0,1.0,1.0,1.0
robustness,sensing_30m,data/robustness/sensing_30m/scenario_011.npz,124011,3,50,64,4,8,30.0,13;13;12;12,175.0;150.0;125.0,1.0,1.0,1.0
robustness,sensing_30m,data/robustness/sensing_30m/scenario_012.npz,124012,3,50,64,4,8,30.0,13;13;12;12,150.0;125.0;175.0,1.0,1.0,1.0
robustness,sensing_30m,data/robustness/sensing_30m/scenario_013.npz,124013,3,50,64,4,8,30.0,13;13;12;12,150.0;175.0;125.0,1.0,1.0,1.0
robustness,sensing_30m,data/robustness/sensing_30m/scenario_014.npz,124014,3,50,64,4,8,30.0,13;13;12;12,150.0;125.0;175.0,1.0,1.0,1.0
robustness,sensing_30m,data/robustness/sensing_30m/scenario_015.npz,124015,3,50,64,4,8,30.0,13;13;12;12,125.0;175.0;150.0,1.0,1.0,1.0
robustness,sensing_30m,data/robustness/sensing_30m/scenario_016.npz,124016,3,50,64,4,8,30.0,13;13;12;12,150.0;175.0;125.0,1.0,1.0,1.0
robustness,sensing_30m,data/robustness/sensing_30m/scenario_017.npz,124017,3,50,64,4,8,30.0,13;13;12;12,150.0;175.0;125.0,1.0,1.0,1.0
robustness,sensing_30m,data/robustness/sensing_30m/scenario_018.npz,124018,3,50,64,4,8,30.0,13;13;12;12,150.0;175.0;125.0,1.0,1.0,1.0
robustness,sensing_30m,data/robustness/sensing_30m/scenario_019.npz,124019,3,50,64,4,8,30.0,13;13;12;12,150.0;175.0;125.0,1.0,1.0,1.0
robustness,sensing_30m,data/robustness/sensing_30m/scenario_020.npz,124020,3,50,64,4,8,30.0,13;13;12;12,175.0;125.0;150.0,1.0,1.0,1.0
robustness,sensing_30m,data/robustness/sensing_30m/scenario_021.npz,124021,3,50,64,4,8,30.0,13;13;12;12,125.0;175.0;150.0,1.0,1.0,1.0
robustness,sensing_30m,data/robustness/sensing_30m/scenario_022.npz,124022,3,50,64,4,8,30.0,13;13;12;12,150.0;125.0;175.0,1.0,1.0,1.0
robustness,sensing_30m,data/robustness/sensing_30m/scenario_023.npz,124023,3,50,64,4,8,30.0,13;13;12;12,125.0;150.0;175.0,1.0,1.0,1.0
robustness,sensing_30m,data/robustness/sensing_30m/scenario_024.npz,124024,3,50,64,4,8,30.0,13;13;12;12,125.0;150.0;175.0,1.0,1.0,1.0
robustness,sensing_30m,data/robustness/sensing_30m/scenario_025.npz,124025,3,50,64,4,8,30.0,13;13;12;12,150.0;125.0;175.0,1.0,1.0,1.0
robustness,sensing_30m,data/robustness/sensing_30m/scenario_026.npz,124026,3,50,64,4,8,30.0,13;13;12;12,150.0;125.0;175.0,1.0,1.0,1.0
robustness,sensing_30m,data/robustness/sensing_30m/scenario_027.npz,124027,3,50,64,4,8,30.0,13;13;12;12,150.0;125.0;175.0,1.0,1.0,1.0
robustness,sensing_30m,data/robustness/sensing_30m/scenario_028.npz,124028,3,50,64,4,8,30.0,13;13;12;12,125.0;150.0;175.0,1.0,1.0,1.0
robustness,sensing_30m,data/robustness/sensing_30m/scenario_029.npz,124029,3,50,64,4,8,30.0,13;13;12;12,175.0;125.0;150.0,1.0,1.0,1.0
robustness,sensing_30m,data/robustness/sensing_30m/scenario_030.npz,124030,3,50,64,4,8,30.0,13;13;12;12,125.0;175.0;150.0,1.0,1.0,1.0
robustness,sensing_30m,data/robustness/sensing_30m/scenario_031.npz,124031,3,50,64,4,8,30.0,13;13;12;12,175.0;150.0;125.0,1.0,1.0,1.0
robustness,sensing_30m,data/robustness/sensing_30m/scenario_032.npz,124032,3,50,64,4,8,30.0,13;13;12;12,150.0;125.0;175.0,1.0,1.0,1.0
robustness,sensing_30m,data/robustness/sensing_30m/scenario_033.npz,124033,3,50,64,4,8,30.0,13;13;12;12,150.0;175.0;125.0,1.0,1.0,1.0
robustness,sensing_30m,data/robustness/sensing_30m/scenario_034.npz,124034,3,50,64,4,8,30.0,13;13;12;12,150.0;175.0;125.0,1.0,1.0,1.0
robustness,sensing_30m,data/robustness/sensing_30m/scenario_035.npz,124035,3,50,64,4,8,30.0,13;13;12;12,125.0;175.0;150.0,1.0,1.0,1.0
robustness,sensing_30m,data/robustness/sensing_30m/scenario_036.npz,124036,3,50,64,4,8,30.0,13;13;12;12,125.0;150.0;175.0,1.0,1.0,1.0
robustness,sensing_30m,data/robustness/sensing_30m/scenario_037.npz,124037,3,50,64,4,8,30.0,13;13;12;12,175.0;125.0;150.0,1.0,1.0,1.0
robustness,sensing_30m,data/robustness/sensing_30m/scenario_038.npz,124038,3,50,64,4,8,30.0,13;13;12;12,150.0;175.0;125.0,1.0,1.0,1.0
robustness,sensing_30m,data/robustness/sensing_30m/scenario_039.npz,124039,3,50,64,4,8,30.0,13;13;12;12,150.0;175.0;125.0,1.0,1.0,1.0
robustness,deadline_4,data/robustness/deadline_4/scenario_000.npz,124000,3,50,64,4,4,15.0,13;13;12;12,125.0;150.0;175.0,1.0,1.0,1.0
robustness,deadline_4,data/robustness/deadline_4/scenario_001.npz,124001,3,50,64,4,4,15.0,13;13;12;12,175.0;125.0;150.0,1.0,1.0,1.0
robustness,deadline_4,data/robustness/deadline_4/scenario_002.npz,124002,3,50,64,4,4,15.0,13;13;12;12,150.0;125.0;175.0,1.0,1.0,1.0
robustness,deadline_4,data/robustness/deadline_4/scenario_003.npz,124003,3,50,64,4,4,15.0,13;13;12;12,125.0;150.0;175.0,1.0,1.0,1.0
robustness,deadline_4,data/robustness/deadline_4/scenario_004.npz,124004,3,50,64,4,4,15.0,13;13;12;12,175.0;150.0;125.0,1.0,1.0,1.0
robustness,deadline_4,data/robustness/deadline_4/scenario_005.npz,124005,3,50,64,4,4,15.0,13;13;12;12,150.0;175.0;125.0,1.0,1.0,1.0
robustness,deadline_4,data/robustness/deadline_4/scenario_006.npz,124006,3,50,64,4,4,15.0,13;13;12;12,175.0;150.0;125.0,1.0,1.0,1.0
robustness,deadline_4,data/robustness/deadline_4/scenario_007.npz,124007,3,50,64,4,4,15.0,13;13;12;12,125.0;175.0;150.0,1.0,1.0,1.0
robustness,deadline_4,data/robustness/deadline_4/scenario_008.npz,124008,3,50,64,4,4,15.0,13;13;12;12,175.0;150.0;125.0,1.0,1.0,1.0
robustness,deadline_4,data/robustness/deadline_4/scenario_009.npz,124009,3,50,64,4,4,15.0,13;13;12;12,125.0;175.0;150.0,1.0,1.0,1.0
robustness,deadline_4,data/robustness/deadline_4/scenario_010.npz,124010,3,50,64,4,4,15.0,13;13;12;12,125.0;175.0;150.0,1.0,1.0,1.0
robustness,deadline_4,data/robustness/deadline_4/scenario_011.npz,124011,3,50,64,4,4,15.0,13;13;12;12,175.0;150.0;125.0,1.0,1.0,1.0
robustness,deadline_4,data/robustness/deadline_4/scenario_012.npz,124012,3,50,64,4,4,15.0,13;13;12;12,150.0;125.0;175.0,1.0,1.0,1.0
robustness,deadline_4,data/robustness/deadline_4/scenario_013.npz,124013,3,50,64,4,4,15.0,13;13;12;12,150.0;175.0;125.0,1.0,1.0,1.0
robustness,deadline_4,data/robustness/deadline_4/scenario_014.npz,124014,3,50,64,4,4,15.0,13;13;12;12,150.0;125.0;175.0,1.0,1.0,1.0
robustness,deadline_4,data/robustness/deadline_4/scenario_015.npz,124015,3,50,64,4,4,15.0,13;13;12;12,125.0;175.0;150.0,1.0,1.0,1.0
robustness,deadline_4,data/robustness/deadline_4/scenario_016.npz,124016,3,50,64,4,4,15.0,13;13;12;12,150.0;175.0;125.0,1.0,1.0,1.0
robustness,deadline_4,data/robustness/deadline_4/scenario_017.npz,124017,3,50,64,4,4,15.0,13;13;12;12,150.0;175.0;125.0,1.0,1.0,1.0
robustness,deadline_4,data/robustness/deadline_4/scenario_018.npz,124018,3,50,64,4,4,15.0,13;13;12;12,150.0;175.0;125.0,1.0,1.0,1.0
robustness,deadline_4,data/robustness/deadline_4/scenario_019.npz,124019,3,50,64,4,4,15.0,13;13;12;12,150.0;175.0;125.0,1.0,1.0,1.0
robustness,deadline_4,data/robustness/deadline_4/scenario_020.npz,124020,3,50,64,4,4,15.0,13;13;12;12,175.0;125.0;150.0,1.0,1.0,1.0
robustness,deadline_4,data/robustness/deadline_4/scenario_021.npz,124021,3,50,64,4,4,15.0,13;13;12;12,125.0;175.0;150.0,1.0,1.0,1.0
robustness,deadline_4,data/robustness/deadline_4/scenario_022.npz,124022,3,50,64,4,4,15.0,13;13;12;12,150.0;125.0;175.0,1.0,1.0,1.0
robustness,deadline_4,data/robustness/deadline_4/scenario_023.npz,124023,3,50,64,4,4,15.0,13;13;12;12,125.0;150.0;175.0,1.0,1.0,1.0
robustness,deadline_4,data/robustness/deadline_4/scenario_024.npz,124024,3,50,64,4,4,15.0,13;13;12;12,125.0;150.0;175.0,1.0,1.0,1.0
robustness,deadline_4,data/robustness/deadline_4/scenario_025.npz,124025,3,50,64,4,4,15.0,13;13;12;12,150.0;125.0;175.0,1.0,1.0,1.0
robustness,deadline_4,data/robustness/deadline_4/scenario_026.npz,124026,3,50,64,4,4,15.0,13;13;12;12,150.0;125.0;175.0,1.0,1.0,1.0
robustness,deadline_4,data/robustness/deadline_4/scenario_027.npz,124027,3,50,64,4,4,15.0,13;13;12;12,150.0;125.0;175.0,1.0,1.0,1.0
robustness,deadline_4,data/robustness/deadline_4/scenario_028.npz,124028,3,50,64,4,4,15.0,13;13;12;12,125.0;150.0;175.0,1.0,1.0,1.0
robustness,deadline_4,data/robustness/deadline_4/scenario_029.npz,124029,3,50,64,4,4,15.0,13;13;12;12,175.0;125.0;150.0,1.0,1.0,1.0
robustness,deadline_4,data/robustness/deadline_4/scenario_030.npz,124030,3,50,64,4,4,15.0,13;13;12;12,125.0;175.0;150.0,1.0,1.0,1.0
robustness,deadline_4,data/robustness/deadline_4/scenario_031.npz,124031,3,50,64,4,4,15.0,13;13;12;12,175.0;150.0;125.0,1.0,1.0,1.0
robustness,deadline_4,data/robustness/deadline_4/scenario_032.npz,124032,3,50,64,4,4,15.0,13;13;12;12,150.0;125.0;175.0,1.0,1.0,1.0
robustness,deadline_4,data/robustness/deadline_4/scenario_033.npz,124033,3,50,64,4,4,15.0,13;13;12;12,150.0;175.0;125.0,1.0,1.0,1.0
robustness,deadline_4,data/robustness/deadline_4/scenario_034.npz,124034,3,50,64,4,4,15.0,13;13;12;12,150.0;175.0;125.0,1.0,1.0,1.0
robustness,deadline_4,data/robustness/deadline_4/scenario_035.npz,124035,3,50,64,4,4,15.0,13;13;12;12,125.0;175.0;150.0,1.0,1.0,1.0
robustness,deadline_4,data/robustness/deadline_4/scenario_036.npz,124036,3,50,64,4,4,15.0,13;13;12;12,125.0;150.0;175.0,1.0,1.0,1.0
robustness,deadline_4,data/robustness/deadline_4/scenario_037.npz,124037,3,50,64,4,4,15.0,13;13;12;12,175.0;125.0;150.0,1.0,1.0,1.0
robustness,deadline_4,data/robustness/deadline_4/scenario_038.npz,124038,3,50,64,4,4,15.0,13;13;12;12,150.0;175.0;125.0,1.0,1.0,1.0
robustness,deadline_4,data/robustness/deadline_4/scenario_039.npz,124039,3,50,64,4,4,15.0,13;13;12;12,150.0;175.0;125.0,1.0,1.0,1.0
robustness,deadline_12,data/robustness/deadline_12/scenario_000.npz,124000,3,50,64,4,12,15.0,13;13;12;12,125.0;150.0;175.0,1.0,1.0,1.0
robustness,deadline_12,data/robustness/deadline_12/scenario_001.npz,124001,3,50,64,4,12,15.0,13;13;12;12,175.0;125.0;150.0,1.0,1.0,1.0
robustness,deadline_12,data/robustness/deadline_12/scenario_002.npz,124002,3,50,64,4,12,15.0,13;13;12;12,150.0;125.0;175.0,1.0,1.0,1.0
robustness,deadline_12,data/robustness/deadline_12/scenario_003.npz,124003,3,50,64,4,12,15.0,13;13;12;12,125.0;150.0;175.0,1.0,1.0,1.0
robustness,deadline_12,data/robustness/deadline_12/scenario_004.npz,124004,3,50,64,4,12,15.0,13;13;12;12,175.0;150.0;125.0,1.0,1.0,1.0
robustness,deadline_12,data/robustness/deadline_12/scenario_005.npz,124005,3,50,64,4,12,15.0,13;13;12;12,150.0;175.0;125.0,1.0,1.0,1.0
robustness,deadline_12,data/robustness/deadline_12/scenario_006.npz,124006,3,50,64,4,12,15.0,13;13;12;12,175.0;150.0;125.0,1.0,1.0,1.0
robustness,deadline_12,data/robustness/deadline_12/scenario_007.npz,124007,3,50,64,4,12,15.0,13;13;12;12,125.0;175.0;150.0,1.0,1.0,1.0
robustness,deadline_12,data/robustness/deadline_12/scenario_008.npz,124008,3,50,64,4,12,15.0,13;13;12;12,175.0;150.0;125.0,1.0,1.0,1.0
robustness,deadline_12,data/robustness/deadline_12/scenario_009.npz,124009,3,50,64,4,12,15.0,13;13;12;12,125.0;175.0;150.0,1.0,1.0,1.0
robustness,deadline_12,data/robustness/deadline_12/scenario_010.npz,124010,3,50,64,4,12,15.0,13;13;12;12,125.0;175.0;150.0,1.0,1.0,1.0
robustness,deadline_12,data/robustness/deadline_12/scenario_011.npz,124011,3,50,64,4,12,15.0,13;13;12;12,175.0;150.0;125.0,1.0,1.0,1.0
robustness,deadline_12,data/robustness/deadline_12/scenario_012.npz,124012,3,50,64,4,12,15.0,13;13;12;12,150.0;125.0;175.0,1.0,1.0,1.0
robustness,deadline_12,data/robustness/deadline_12/scenario_013.npz,124013,3,50,64,4,12,15.0,13;13;12;12,150.0;175.0;125.0,1.0,1.0,1.0
robustness,deadline_12,data/robustness/deadline_12/scenario_014.npz,124014,3,50,64,4,12,15.0,13;13;12;12,150.0;125.0;175.0,1.0,1.0,1.0
robustness,deadline_12,data/robustness/deadline_12/scenario_015.npz,124015,3,50,64,4,12,15.0,13;13;12;12,125.0;175.0;150.0,1.0,1.0,1.0
robustness,deadline_12,data/robustness/deadline_12/scenario_016.npz,124016,3,50,64,4,12,15.0,13;13;12;12,150.0;175.0;125.0,1.0,1.0,1.0
robustness,deadline_12,data/robustness/deadline_12/scenario_017.npz,124017,3,50,64,4,12,15.0,13;13;12;12,150.0;175.0;125.0,1.0,1.0,1.0
robustness,deadline_12,data/robustness/deadline_12/scenario_018.npz,124018,3,50,64,4,12,15.0,13;13;12;12,150.0;175.0;125.0,1.0,1.0,1.0
robustness,deadline_12,data/robustness/deadline_12/scenario_019.npz,124019,3,50,64,4,12,15.0,13;13;12;12,150.0;175.0;125.0,1.0,1.0,1.0
robustness,deadline_12,data/robustness/deadline_12/scenario_020.npz,124020,3,50,64,4,12,15.0,13;13;12;12,175.0;125.0;150.0,1.0,1.0,1.0
robustness,deadline_12,data/robustness/deadline_12/scenario_021.npz,124021,3,50,64,4,12,15.0,13;13;12;12,125.0;175.0;150.0,1.0,1.0,1.0
robustness,deadline_12,data/robustness/deadline_12/scenario_022.npz,124022,3,50,64,4,12,15.0,13;13;12;12,150.0;125.0;175.0,1.0,1.0,1.0
robustness,deadline_12,data/robustness/deadline_12/scenario_023.npz,124023,3,50,64,4,12,15.0,13;13;12;12,125.0;150.0;175.0,1.0,1.0,1.0
robustness,deadline_12,data/robustness/deadline_12/scenario_024.npz,124024,3,50,64,4,12,15.0,13;13;12;12,125.0;150.0;175.0,1.0,1.0,1.0
robustness,deadline_12,data/robustness/deadline_12/scenario_025.npz,124025,3,50,64,4,12,15.0,13;13;12;12,150.0;125.0;175.0,1.0,1.0,1.0
robustness,deadline_12,data/robustness/deadline_12/scenario_026.npz,124026,3,50,64,4,12,15.0,13;13;12;12,150.0;125.0;175.0,1.0,1.0,1.0
robustness,deadline_12,data/robustness/deadline_12/scenario_027.npz,124027,3,50,64,4,12,15.0,13;13;12;12,150.0;125.0;175.0,1.0,1.0,1.0
robustness,deadline_12,data/robustness/deadline_12/scenario_028.npz,124028,3,50,64,4,12,15.0,13;13;12;12,125.0;150.0;175.0,1.0,1.0,1.0
robustness,deadline_12,data/robustness/deadline_12/scenario_029.npz,124029,3,50,64,4,12,15.0,13;13;12;12,175.0;125.0;150.0,1.0,1.0,1.0
robustness,deadline_12,data/robustness/deadline_12/scenario_030.npz,124030,3,50,64,4,12,15.0,13;13;12;12,125.0;175.0;150.0,1.0,1.0,1.0
robustness,deadline_12,data/robustness/deadline_12/scenario_031.npz,124031,3,50,64,4,12,15.0,13;13;12;12,175.0;150.0;125.0,1.0,1.0,1.0
robustness,deadline_12,data/robustness/deadline_12/scenario_032.npz,124032,3,50,64,4,12,15.0,13;13;12;12,150.0;125.0;175.0,1.0,1.0,1.0
robustness,deadline_12,data/robustness/deadline_12/scenario_033.npz,124033,3,50,64,4,12,15.0,13;13;12;12,150.0;175.0;125.0,1.0,1.0,1.0
robustness,deadline_12,data/robustness/deadline_12/scenario_034.npz,124034,3,50,64,4,12,15.0,13;13;12;12,150.0;175.0;125.0,1.0,1.0,1.0
robustness,deadline_12,data/robustness/deadline_12/scenario_035.npz,124035,3,50,64,4,12,15.0,13;13;12;12,125.0;175.0;150.0,1.0,1.0,1.0
robustness,deadline_12,data/robustness/deadline_12/scenario_036.npz,124036,3,50,64,4,12,15.0,13;13;12;12,125.0;150.0;175.0,1.0,1.0,1.0
robustness,deadline_12,data/robustness/deadline_12/scenario_037.npz,124037,3,50,64,4,12,15.0,13;13;12;12,175.0;125.0;150.0,1.0,1.0,1.0
robustness,deadline_12,data/robustness/deadline_12/scenario_038.npz,124038,3,50,64,4,12,15.0,13;13;12;12,150.0;175.0;125.0,1.0,1.0,1.0
robustness,deadline_12,data/robustness/deadline_12/scenario_039.npz,124039,3,50,64,4,12,15.0,13;13;12;12,150.0;175.0;125.0,1.0,1.0,1.0
robustness,workload_0p75,data/robustness/workload_0p75/scenario_000.npz,124000,3,50,64,4,8,15.0,13;13;12;12,125.0;150.0;175.0,0.75,1.0,1.0
robustness,workload_0p75,data/robustness/workload_0p75/scenario_001.npz,124001,3,50,64,4,8,15.0,13;13;12;12,175.0;125.0;150.0,0.75,1.0,1.0
robustness,workload_0p75,data/robustness/workload_0p75/scenario_002.npz,124002,3,50,64,4,8,15.0,13;13;12;12,150.0;125.0;175.0,0.75,1.0,1.0
robustness,workload_0p75,data/robustness/workload_0p75/scenario_003.npz,124003,3,50,64,4,8,15.0,13;13;12;12,125.0;150.0;175.0,0.75,1.0,1.0
robustness,workload_0p75,data/robustness/workload_0p75/scenario_004.npz,124004,3,50,64,4,8,15.0,13;13;12;12,175.0;150.0;125.0,0.75,1.0,1.0
robustness,workload_0p75,data/robustness/workload_0p75/scenario_005.npz,124005,3,50,64,4,8,15.0,13;13;12;12,150.0;175.0;125.0,0.75,1.0,1.0
robustness,workload_0p75,data/robustness/workload_0p75/scenario_006.npz,124006,3,50,64,4,8,15.0,13;13;12;12,175.0;150.0;125.0,0.75,1.0,1.0
robustness,workload_0p75,data/robustness/workload_0p75/scenario_007.npz,124007,3,50,64,4,8,15.0,13;13;12;12,125.0;175.0;150.0,0.75,1.0,1.0
robustness,workload_0p75,data/robustness/workload_0p75/scenario_008.npz,124008,3,50,64,4,8,15.0,13;13;12;12,175.0;150.0;125.0,0.75,1.0,1.0
robustness,workload_0p75,data/robustness/workload_0p75/scenario_009.npz,124009,3,50,64,4,8,15.0,13;13;12;12,125.0;175.0;150.0,0.75,1.0,1.0
robustness,workload_0p75,data/robustness/workload_0p75/scenario_010.npz,124010,3,50,64,4,8,15.0,13;13;12;12,125.0;175.0;150.0,0.75,1.0,1.0
robustness,workload_0p75,data/robustness/workload_0p75/scenario_011.npz,124011,3,50,64,4,8,15.0,13;13;12;12,175.0;150.0;125.0,0.75,1.0,1.0
robustness,workload_0p75,data/robustness/workload_0p75/scenario_012.npz,124012,3,50,64,4,8,15.0,13;13;12;12,150.0;125.0;175.0,0.75,1.0,1.0
robustness,workload_0p75,data/robustness/workload_0p75/scenario_013.npz,124013,3,50,64,4,8,15.0,13;13;12;12,150.0;175.0;125.0,0.75,1.0,1.0
robustness,workload_0p75,data/robustness/workload_0p75/scenario_014.npz,124014,3,50,64,4,8,15.0,13;13;12;12,150.0;125.0;175.0,0.75,1.0,1.0
robustness,workload_0p75,data/robustness/workload_0p75/scenario_015.npz,124015,3,50,64,4,8,15.0,13;13;12;12,125.0;175.0;150.0,0.75,1.0,1.0
robustness,workload_0p75,data/robustness/workload_0p75/scenario_016.npz,124016,3,50,64,4,8,15.0,13;13;12;12,150.0;175.0;125.0,0.75,1.0,1.0
robustness,workload_0p75,data/robustness/workload_0p75/scenario_017.npz,124017,3,50,64,4,8,15.0,13;13;12;12,150.0;175.0;125.0,0.75,1.0,1.0
robustness,workload_0p75,data/robustness/workload_0p75/scenario_018.npz,124018,3,50,64,4,8,15.0,13;13;12;12,150.0;175.0;125.0,0.75,1.0,1.0
robustness,workload_0p75,data/robustness/workload_0p75/scenario_019.npz,124019,3,50,64,4,8,15.0,13;13;12;12,150.0;175.0;125.0,0.75,1.0,1.0
robustness,workload_0p75,data/robustness/workload_0p75/scenario_020.npz,124020,3,50,64,4,8,15.0,13;13;12;12,175.0;125.0;150.0,0.75,1.0,1.0
robustness,workload_0p75,data/robustness/workload_0p75/scenario_021.npz,124021,3,50,64,4,8,15.0,13;13;12;12,125.0;175.0;150.0,0.75,1.0,1.0
robustness,workload_0p75,data/robustness/workload_0p75/scenario_022.npz,124022,3,50,64,4,8,15.0,13;13;12;12,150.0;125.0;175.0,0.75,1.0,1.0
robustness,workload_0p75,data/robustness/workload_0p75/scenario_023.npz,124023,3,50,64,4,8,15.0,13;13;12;12,125.0;150.0;175.0,0.75,1.0,1.0
robustness,workload_0p75,data/robustness/workload_0p75/scenario_024.npz,124024,3,50,64,4,8,15.0,13;13;12;12,125.0;150.0;175.0,0.75,1.0,1.0
robustness,workload_0p75,data/robustness/workload_0p75/scenario_025.npz,124025,3,50,64,4,8,15.0,13;13;12;12,150.0;125.0;175.0,0.75,1.0,1.0
robustness,workload_0p75,data/robustness/workload_0p75/scenario_026.npz,124026,3,50,64,4,8,15.0,13;13;12;12,150.0;125.0;175.0,0.75,1.0,1.0
robustness,workload_0p75,data/robustness/workload_0p75/scenario_027.npz,124027,3,50,64,4,8,15.0,13;13;12;12,150.0;125.0;175.0,0.75,1.0,1.0
robustness,workload_0p75,data/robustness/workload_0p75/scenario_028.npz,124028,3,50,64,4,8,15.0,13;13;12;12,125.0;150.0;175.0,0.75,1.0,1.0
robustness,workload_0p75,data/robustness/workload_0p75/scenario_029.npz,124029,3,50,64,4,8,15.0,13;13;12;12,175.0;125.0;150.0,0.75,1.0,1.0
robustness,workload_0p75,data/robustness/workload_0p75/scenario_030.npz,124030,3,50,64,4,8,15.0,13;13;12;12,125.0;175.0;150.0,0.75,1.0,1.0
robustness,workload_0p75,data/robustness/workload_0p75/scenario_031.npz,124031,3,50,64,4,8,15.0,13;13;12;12,175.0;150.0;125.0,0.75,1.0,1.0
robustness,workload_0p75,data/robustness/workload_0p75/scenario_032.npz,124032,3,50,64,4,8,15.0,13;13;12;12,150.0;125.0;175.0,0.75,1.0,1.0
robustness,workload_0p75,data/robustness/workload_0p75/scenario_033.npz,124033,3,50,64,4,8,15.0,13;13;12;12,150.0;175.0;125.0,0.75,1.0,1.0
robustness,workload_0p75,data/robustness/workload_0p75/scenario_034.npz,124034,3,50,64,4,8,15.0,13;13;12;12,150.0;175.0;125.0,0.75,1.0,1.0
robustness,workload_0p75,data/robustness/workload_0p75/scenario_035.npz,124035,3,50,64,4,8,15.0,13;13;12;12,125.0;175.0;150.0,0.75,1.0,1.0
robustness,workload_0p75,data/robustness/workload_0p75/scenario_036.npz,124036,3,50,64,4,8,15.0,13;13;12;12,125.0;150.0;175.0,0.75,1.0,1.0
robustness,workload_0p75,data/robustness/workload_0p75/scenario_037.npz,124037,3,50,64,4,8,15.0,13;13;12;12,175.0;125.0;150.0,0.75,1.0,1.0
robustness,workload_0p75,data/robustness/workload_0p75/scenario_038.npz,124038,3,50,64,4,8,15.0,13;13;12;12,150.0;175.0;125.0,0.75,1.0,1.0
robustness,workload_0p75,data/robustness/workload_0p75/scenario_039.npz,124039,3,50,64,4,8,15.0,13;13;12;12,150.0;175.0;125.0,0.75,1.0,1.0
robustness,workload_1p25,data/robustness/workload_1p25/scenario_000.npz,124000,3,50,64,4,8,15.0,13;13;12;12,125.0;150.0;175.0,1.25,1.0,1.0
robustness,workload_1p25,data/robustness/workload_1p25/scenario_001.npz,124001,3,50,64,4,8,15.0,13;13;12;12,175.0;125.0;150.0,1.25,1.0,1.0
robustness,workload_1p25,data/robustness/workload_1p25/scenario_002.npz,124002,3,50,64,4,8,15.0,13;13;12;12,150.0;125.0;175.0,1.25,1.0,1.0
robustness,workload_1p25,data/robustness/workload_1p25/scenario_003.npz,124003,3,50,64,4,8,15.0,13;13;12;12,125.0;150.0;175.0,1.25,1.0,1.0
robustness,workload_1p25,data/robustness/workload_1p25/scenario_004.npz,124004,3,50,64,4,8,15.0,13;13;12;12,175.0;150.0;125.0,1.25,1.0,1.0
robustness,workload_1p25,data/robustness/workload_1p25/scenario_005.npz,124005,3,50,64,4,8,15.0,13;13;12;12,150.0;175.0;125.0,1.25,1.0,1.0
robustness,workload_1p25,data/robustness/workload_1p25/scenario_006.npz,124006,3,50,64,4,8,15.0,13;13;12;12,175.0;150.0;125.0,1.25,1.0,1.0
robustness,workload_1p25,data/robustness/workload_1p25/scenario_007.npz,124007,3,50,64,4,8,15.0,13;13;12;12,125.0;175.0;150.0,1.25,1.0,1.0
robustness,workload_1p25,data/robustness/workload_1p25/scenario_008.npz,124008,3,50,64,4,8,15.0,13;13;12;12,175.0;150.0;125.0,1.25,1.0,1.0
robustness,workload_1p25,data/robustness/workload_1p25/scenario_009.npz,124009,3,50,64,4,8,15.0,13;13;12;12,125.0;175.0;150.0,1.25,1.0,1.0
robustness,workload_1p25,data/robustness/workload_1p25/scenario_010.npz,124010,3,50,64,4,8,15.0,13;13;12;12,125.0;175.0;150.0,1.25,1.0,1.0
robustness,workload_1p25,data/robustness/workload_1p25/scenario_011.npz,124011,3,50,64,4,8,15.0,13;13;12;12,175.0;150.0;125.0,1.25,1.0,1.0
robustness,workload_1p25,data/robustness/workload_1p25/scenario_012.npz,124012,3,50,64,4,8,15.0,13;13;12;12,150.0;125.0;175.0,1.25,1.0,1.0
robustness,workload_1p25,data/robustness/workload_1p25/scenario_013.npz,124013,3,50,64,4,8,15.0,13;13;12;12,150.0;175.0;125.0,1.25,1.0,1.0
robustness,workload_1p25,data/robustness/workload_1p25/scenario_014.npz,124014,3,50,64,4,8,15.0,13;13;12;12,150.0;125.0;175.0,1.25,1.0,1.0
robustness,workload_1p25,data/robustness/workload_1p25/scenario_015.npz,124015,3,50,64,4,8,15.0,13;13;12;12,125.0;175.0;150.0,1.25,1.0,1.0
robustness,workload_1p25,data/robustness/workload_1p25/scenario_016.npz,124016,3,50,64,4,8,15.0,13;13;12;12,150.0;175.0;125.0,1.25,1.0,1.0
robustness,workload_1p25,data/robustness/workload_1p25/scenario_017.npz,124017,3,50,64,4,8,15.0,13;13;12;12,150.0;175.0;125.0,1.25,1.0,1.0
robustness,workload_1p25,data/robustness/workload_1p25/scenario_018.npz,124018,3,50,64,4,8,15.0,13;13;12;12,150.0;175.0;125.0,1.25,1.0,1.0
robustness,workload_1p25,data/robustness/workload_1p25/scenario_019.npz,124019,3,50,64,4,8,15.0,13;13;12;12,150.0;175.0;125.0,1.25,1.0,1.0
robustness,workload_1p25,data/robustness/workload_1p25/scenario_020.npz,124020,3,50,64,4,8,15.0,13;13;12;12,175.0;125.0;150.0,1.25,1.0,1.0
robustness,workload_1p25,data/robustness/workload_1p25/scenario_021.npz,124021,3,50,64,4,8,15.0,13;13;12;12,125.0;175.0;150.0,1.25,1.0,1.0
robustness,workload_1p25,data/robustness/workload_1p25/scenario_022.npz,124022,3,50,64,4,8,15.0,13;13;12;12,150.0;125.0;175.0,1.25,1.0,1.0
robustness,workload_1p25,data/robustness/workload_1p25/scenario_023.npz,124023,3,50,64,4,8,15.0,13;13;12;12,125.0;150.0;175.0,1.25,1.0,1.0
robustness,workload_1p25,data/robustness/workload_1p25/scenario_024.npz,124024,3,50,64,4,8,15.0,13;13;12;12,125.0;150.0;175.0,1.25,1.0,1.0
robustness,workload_1p25,data/robustness/workload_1p25/scenario_025.npz,124025,3,50,64,4,8,15.0,13;13;12;12,150.0;125.0;175.0,1.25,1.0,1.0
robustness,workload_1p25,data/robustness/workload_1p25/scenario_026.npz,124026,3,50,64,4,8,15.0,13;13;12;12,150.0;125.0;175.0,1.25,1.0,1.0
robustness,workload_1p25,data/robustness/workload_1p25/scenario_027.npz,124027,3,50,64,4,8,15.0,13;13;12;12,150.0;125.0;175.0,1.25,1.0,1.0
robustness,workload_1p25,data/robustness/workload_1p25/scenario_028.npz,124028,3,50,64,4,8,15.0,13;13;12;12,125.0;150.0;175.0,1.25,1.0,1.0
robustness,workload_1p25,data/robustness/workload_1p25/scenario_029.npz,124029,3,50,64,4,8,15.0,13;13;12;12,175.0;125.0;150.0,1.25,1.0,1.0
robustness,workload_1p25,data/robustness/workload_1p25/scenario_030.npz,124030,3,50,64,4,8,15.0,13;13;12;12,125.0;175.0;150.0,1.25,1.0,1.0
robustness,workload_1p25,data/robustness/workload_1p25/scenario_031.npz,124031,3,50,64,4,8,15.0,13;13;12;12,175.0;150.0;125.0,1.25,1.0,1.0
robustness,workload_1p25,data/robustness/workload_1p25/scenario_032.npz,124032,3,50,64,4,8,15.0,13;13;12;12,150.0;125.0;175.0,1.25,1.0,1.0
robustness,workload_1p25,data/robustness/workload_1p25/scenario_033.npz,124033,3,50,64,4,8,15.0,13;13;12;12,150.0;175.0;125.0,1.25,1.0,1.0
robustness,workload_1p25,data/robustness/workload_1p25/scenario_034.npz,124034,3,50,64,4,8,15.0,13;13;12;12,150.0;175.0;125.0,1.25,1.0,1.0
robustness,workload_1p25,data/robustness/workload_1p25/scenario_035.npz,124035,3,50,64,4,8,15.0,13;13;12;12,125.0;175.0;150.0,1.25,1.0,1.0
robustness,workload_1p25,data/robustness/workload_1p25/scenario_036.npz,124036,3,50,64,4,8,15.0,13;13;12;12,125.0;150.0;175.0,1.25,1.0,1.0
robustness,workload_1p25,data/robustness/workload_1p25/scenario_037.npz,124037,3,50,64,4,8,15.0,13;13;12;12,175.0;125.0;150.0,1.25,1.0,1.0
robustness,workload_1p25,data/robustness/workload_1p25/scenario_038.npz,124038,3,50,64,4,8,15.0,13;13;12;12,150.0;175.0;125.0,1.25,1.0,1.0
robustness,workload_1p25,data/robustness/workload_1p25/scenario_039.npz,124039,3,50,64,4,8,15.0,13;13;12;12,150.0;175.0;125.0,1.25,1.0,1.0
robustness,energy_0p8,data/robustness/energy_0p8/scenario_000.npz,124000,3,50,64,4,8,15.0,13;13;12;12,100.0;120.0;140.0,1.0,0.8,1.0
robustness,energy_0p8,data/robustness/energy_0p8/scenario_001.npz,124001,3,50,64,4,8,15.0,13;13;12;12,140.0;100.0;120.0,1.0,0.8,1.0
robustness,energy_0p8,data/robustness/energy_0p8/scenario_002.npz,124002,3,50,64,4,8,15.0,13;13;12;12,120.0;100.0;140.0,1.0,0.8,1.0
robustness,energy_0p8,data/robustness/energy_0p8/scenario_003.npz,124003,3,50,64,4,8,15.0,13;13;12;12,100.0;120.0;140.0,1.0,0.8,1.0
robustness,energy_0p8,data/robustness/energy_0p8/scenario_004.npz,124004,3,50,64,4,8,15.0,13;13;12;12,140.0;120.0;100.0,1.0,0.8,1.0
robustness,energy_0p8,data/robustness/energy_0p8/scenario_005.npz,124005,3,50,64,4,8,15.0,13;13;12;12,120.0;140.0;100.0,1.0,0.8,1.0
robustness,energy_0p8,data/robustness/energy_0p8/scenario_006.npz,124006,3,50,64,4,8,15.0,13;13;12;12,140.0;120.0;100.0,1.0,0.8,1.0
robustness,energy_0p8,data/robustness/energy_0p8/scenario_007.npz,124007,3,50,64,4,8,15.0,13;13;12;12,100.0;140.0;120.0,1.0,0.8,1.0
robustness,energy_0p8,data/robustness/energy_0p8/scenario_008.npz,124008,3,50,64,4,8,15.0,13;13;12;12,140.0;120.0;100.0,1.0,0.8,1.0
robustness,energy_0p8,data/robustness/energy_0p8/scenario_009.npz,124009,3,50,64,4,8,15.0,13;13;12;12,100.0;140.0;120.0,1.0,0.8,1.0
robustness,energy_0p8,data/robustness/energy_0p8/scenario_010.npz,124010,3,50,64,4,8,15.0,13;13;12;12,100.0;140.0;120.0,1.0,0.8,1.0
robustness,energy_0p8,data/robustness/energy_0p8/scenario_011.npz,124011,3,50,64,4,8,15.0,13;13;12;12,140.0;120.0;100.0,1.0,0.8,1.0
robustness,energy_0p8,data/robustness/energy_0p8/scenario_012.npz,124012,3,50,64,4,8,15.0,13;13;12;12,120.0;100.0;140.0,1.0,0.8,1.0
robustness,energy_0p8,data/robustness/energy_0p8/scenario_013.npz,124013,3,50,64,4,8,15.0,13;13;12;12,120.0;140.0;100.0,1.0,0.8,1.0
robustness,energy_0p8,data/robustness/energy_0p8/scenario_014.npz,124014,3,50,64,4,8,15.0,13;13;12;12,120.0;100.0;140.0,1.0,0.8,1.0
robustness,energy_0p8,data/robustness/energy_0p8/scenario_015.npz,124015,3,50,64,4,8,15.0,13;13;12;12,100.0;140.0;120.0,1.0,0.8,1.0
robustness,energy_0p8,data/robustness/energy_0p8/scenario_016.npz,124016,3,50,64,4,8,15.0,13;13;12;12,120.0;140.0;100.0,1.0,0.8,1.0
robustness,energy_0p8,data/robustness/energy_0p8/scenario_017.npz,124017,3,50,64,4,8,15.0,13;13;12;12,120.0;140.0;100.0,1.0,0.8,1.0
robustness,energy_0p8,data/robustness/energy_0p8/scenario_018.npz,124018,3,50,64,4,8,15.0,13;13;12;12,120.0;140.0;100.0,1.0,0.8,1.0
robustness,energy_0p8,data/robustness/energy_0p8/scenario_019.npz,124019,3,50,64,4,8,15.0,13;13;12;12,120.0;140.0;100.0,1.0,0.8,1.0
robustness,energy_0p8,data/robustness/energy_0p8/scenario_020.npz,124020,3,50,64,4,8,15.0,13;13;12;12,140.0;100.0;120.0,1.0,0.8,1.0
robustness,energy_0p8,data/robustness/energy_0p8/scenario_021.npz,124021,3,50,64,4,8,15.0,13;13;12;12,100.0;140.0;120.0,1.0,0.8,1.0
robustness,energy_0p8,data/robustness/energy_0p8/scenario_022.npz,124022,3,50,64,4,8,15.0,13;13;12;12,120.0;100.0;140.0,1.0,0.8,1.0
robustness,energy_0p8,data/robustness/energy_0p8/scenario_023.npz,124023,3,50,64,4,8,15.0,13;13;12;12,100.0;120.0;140.0,1.0,0.8,1.0
robustness,energy_0p8,data/robustness/energy_0p8/scenario_024.npz,124024,3,50,64,4,8,15.0,13;13;12;12,100.0;120.0;140.0,1.0,0.8,1.0
robustness,energy_0p8,data/robustness/energy_0p8/scenario_025.npz,124025,3,50,64,4,8,15.0,13;13;12;12,120.0;100.0;140.0,1.0,0.8,1.0
robustness,energy_0p8,data/robustness/energy_0p8/scenario_026.npz,124026,3,50,64,4,8,15.0,13;13;12;12,120.0;100.0;140.0,1.0,0.8,1.0
robustness,energy_0p8,data/robustness/energy_0p8/scenario_027.npz,124027,3,50,64,4,8,15.0,13;13;12;12,120.0;100.0;140.0,1.0,0.8,1.0
robustness,energy_0p8,data/robustness/energy_0p8/scenario_028.npz,124028,3,50,64,4,8,15.0,13;13;12;12,100.0;120.0;140.0,1.0,0.8,1.0
robustness,energy_0p8,data/robustness/energy_0p8/scenario_029.npz,124029,3,50,64,4,8,15.0,13;13;12;12,140.0;100.0;120.0,1.0,0.8,1.0
robustness,energy_0p8,data/robustness/energy_0p8/scenario_030.npz,124030,3,50,64,4,8,15.0,13;13;12;12,100.0;140.0;120.0,1.0,0.8,1.0
robustness,energy_0p8,data/robustness/energy_0p8/scenario_031.npz,124031,3,50,64,4,8,15.0,13;13;12;12,140.0;120.0;100.0,1.0,0.8,1.0
robustness,energy_0p8,data/robustness/energy_0p8/scenario_032.npz,124032,3,50,64,4,8,15.0,13;13;12;12,120.0;100.0;140.0,1.0,0.8,1.0
robustness,energy_0p8,data/robustness/energy_0p8/scenario_033.npz,124033,3,50,64,4,8,15.0,13;13;12;12,120.0;140.0;100.0,1.0,0.8,1.0
robustness,energy_0p8,data/robustness/energy_0p8/scenario_034.npz,124034,3,50,64,4,8,15.0,13;13;12;12,120.0;140.0;100.0,1.0,0.8,1.0
robustness,energy_0p8,data/robustness/energy_0p8/scenario_035.npz,124035,3,50,64,4,8,15.0,13;13;12;12,100.0;140.0;120.0,1.0,0.8,1.0
robustness,energy_0p8,data/robustness/energy_0p8/scenario_036.npz,124036,3,50,64,4,8,15.0,13;13;12;12,100.0;120.0;140.0,1.0,0.8,1.0
robustness,energy_0p8,data/robustness/energy_0p8/scenario_037.npz,124037,3,50,64,4,8,15.0,13;13;12;12,140.0;100.0;120.0,1.0,0.8,1.0
robustness,energy_0p8,data/robustness/energy_0p8/scenario_038.npz,124038,3,50,64,4,8,15.0,13;13;12;12,120.0;140.0;100.0,1.0,0.8,1.0
robustness,energy_0p8,data/robustness/energy_0p8/scenario_039.npz,124039,3,50,64,4,8,15.0,13;13;12;12,120.0;140.0;100.0,1.0,0.8,1.0
robustness,energy_1p2,data/robustness/energy_1p2/scenario_000.npz,124000,3,50,64,4,8,15.0,13;13;12;12,150.0;180.0;210.0,1.0,1.2,1.0
robustness,energy_1p2,data/robustness/energy_1p2/scenario_001.npz,124001,3,50,64,4,8,15.0,13;13;12;12,210.0;150.0;180.0,1.0,1.2,1.0
robustness,energy_1p2,data/robustness/energy_1p2/scenario_002.npz,124002,3,50,64,4,8,15.0,13;13;12;12,180.0;150.0;210.0,1.0,1.2,1.0
robustness,energy_1p2,data/robustness/energy_1p2/scenario_003.npz,124003,3,50,64,4,8,15.0,13;13;12;12,150.0;180.0;210.0,1.0,1.2,1.0
robustness,energy_1p2,data/robustness/energy_1p2/scenario_004.npz,124004,3,50,64,4,8,15.0,13;13;12;12,210.0;180.0;150.0,1.0,1.2,1.0
robustness,energy_1p2,data/robustness/energy_1p2/scenario_005.npz,124005,3,50,64,4,8,15.0,13;13;12;12,180.0;210.0;150.0,1.0,1.2,1.0
robustness,energy_1p2,data/robustness/energy_1p2/scenario_006.npz,124006,3,50,64,4,8,15.0,13;13;12;12,210.0;180.0;150.0,1.0,1.2,1.0
robustness,energy_1p2,data/robustness/energy_1p2/scenario_007.npz,124007,3,50,64,4,8,15.0,13;13;12;12,150.0;210.0;180.0,1.0,1.2,1.0
robustness,energy_1p2,data/robustness/energy_1p2/scenario_008.npz,124008,3,50,64,4,8,15.0,13;13;12;12,210.0;180.0;150.0,1.0,1.2,1.0
robustness,energy_1p2,data/robustness/energy_1p2/scenario_009.npz,124009,3,50,64,4,8,15.0,13;13;12;12,150.0;210.0;180.0,1.0,1.2,1.0
robustness,energy_1p2,data/robustness/energy_1p2/scenario_010.npz,124010,3,50,64,4,8,15.0,13;13;12;12,150.0;210.0;180.0,1.0,1.2,1.0
robustness,energy_1p2,data/robustness/energy_1p2/scenario_011.npz,124011,3,50,64,4,8,15.0,13;13;12;12,210.0;180.0;150.0,1.0,1.2,1.0
robustness,energy_1p2,data/robustness/energy_1p2/scenario_012.npz,124012,3,50,64,4,8,15.0,13;13;12;12,180.0;150.0;210.0,1.0,1.2,1.0
robustness,energy_1p2,data/robustness/energy_1p2/scenario_013.npz,124013,3,50,64,4,8,15.0,13;13;12;12,180.0;210.0;150.0,1.0,1.2,1.0
robustness,energy_1p2,data/robustness/energy_1p2/scenario_014.npz,124014,3,50,64,4,8,15.0,13;13;12;12,180.0;150.0;210.0,1.0,1.2,1.0
robustness,energy_1p2,data/robustness/energy_1p2/scenario_015.npz,124015,3,50,64,4,8,15.0,13;13;12;12,150.0;210.0;180.0,1.0,1.2,1.0
robustness,energy_1p2,data/robustness/energy_1p2/scenario_016.npz,124016,3,50,64,4,8,15.0,13;13;12;12,180.0;210.0;150.0,1.0,1.2,1.0
robustness,energy_1p2,data/robustness/energy_1p2/scenario_017.npz,124017,3,50,64,4,8,15.0,13;13;12;12,180.0;210.0;150.0,1.0,1.2,1.0
robustness,energy_1p2,data/robustness/energy_1p2/scenario_018.npz,124018,3,50,64,4,8,15.0,13;13;12;12,180.0;210.0;150.0,1.0,1.2,1.0
robustness,energy_1p2,data/robustness/energy_1p2/scenario_019.npz,124019,3,50,64,4,8,15.0,13;13;12;12,180.0;210.0;150.0,1.0,1.2,1.0
robustness,energy_1p2,data/robustness/energy_1p2/scenario_020.npz,124020,3,50,64,4,8,15.0,13;13;12;12,210.0;150.0;180.0,1.0,1.2,1.0
robustness,energy_1p2,data/robustness/energy_1p2/scenario_021.npz,124021,3,50,64,4,8,15.0,13;13;12;12,150.0;210.0;180.0,1.0,1.2,1.0
robustness,energy_1p2,data/robustness/energy_1p2/scenario_022.npz,124022,3,50,64,4,8,15.0,13;13;12;12,180.0;150.0;210.0,1.0,1.2,1.0
robustness,energy_1p2,data/robustness/energy_1p2/scenario_023.npz,124023,3,50,64,4,8,15.0,13;13;12;12,150.0;180.0;210.0,1.0,1.2,1.0
robustness,energy_1p2,data/robustness/energy_1p2/scenario_024.npz,124024,3,50,64,4,8,15.0,13;13;12;12,150.0;180.0;210.0,1.0,1.2,1.0
robustness,energy_1p2,data/robustness/energy_1p2/scenario_025.npz,124025,3,50,64,4,8,15.0,13;13;12;12,180.0;150.0;210.0,1.0,1.2,1.0
robustness,energy_1p2,data/robustness/energy_1p2/scenario_026.npz,124026,3,50,64,4,8,15.0,13;13;12;12,180.0;150.0;210.0,1.0,1.2,1.0
robustness,energy_1p2,data/robustness/energy_1p2/scenario_027.npz,124027,3,50,64,4,8,15.0,13;13;12;12,180.0;150.0;210.0,1.0,1.2,1.0
robustness,energy_1p2,data/robustness/energy_1p2/scenario_028.npz,124028,3,50,64,4,8,15.0,13;13;12;12,150.0;180.0;210.0,1.0,1.2,1.0
robustness,energy_1p2,data/robustness/energy_1p2/scenario_029.npz,124029,3,50,64,4,8,15.0,13;13;12;12,210.0;150.0;180.0,1.0,1.2,1.0
robustness,energy_1p2,data/robustness/energy_1p2/scenario_030.npz,124030,3,50,64,4,8,15.0,13;13;12;12,150.0;210.0;180.0,1.0,1.2,1.0
robustness,energy_1p2,data/robustness/energy_1p2/scenario_031.npz,124031,3,50,64,4,8,15.0,13;13;12;12,210.0;180.0;150.0,1.0,1.2,1.0
robustness,energy_1p2,data/robustness/energy_1p2/scenario_032.npz,124032,3,50,64,4,8,15.0,13;13;12;12,180.0;150.0;210.0,1.0,1.2,1.0
robustness,energy_1p2,data/robustness/energy_1p2/scenario_033.npz,124033,3,50,64,4,8,15.0,13;13;12;12,180.0;210.0;150.0,1.0,1.2,1.0
robustness,energy_1p2,data/robustness/energy_1p2/scenario_034.npz,124034,3,50,64,4,8,15.0,13;13;12;12,180.0;210.0;150.0,1.0,1.2,1.0
robustness,energy_1p2,data/robustness/energy_1p2/scenario_035.npz,124035,3,50,64,4,8,15.0,13;13;12;12,150.0;210.0;180.0,1.0,1.2,1.0
robustness,energy_1p2,data/robustness/energy_1p2/scenario_036.npz,124036,3,50,64,4,8,15.0,13;13;12;12,150.0;180.0;210.0,1.0,1.2,1.0
robustness,energy_1p2,data/robustness/energy_1p2/scenario_037.npz,124037,3,50,64,4,8,15.0,13;13;12;12,210.0;150.0;180.0,1.0,1.2,1.0
robustness,energy_1p2,data/robustness/energy_1p2/scenario_038.npz,124038,3,50,64,4,8,15.0,13;13;12;12,180.0;210.0;150.0,1.0,1.2,1.0
robustness,energy_1p2,data/robustness/energy_1p2/scenario_039.npz,124039,3,50,64,4,8,15.0,13;13;12;12,180.0;210.0;150.0,1.0,1.2,1.0
